Seqns,Count,Seqns_length
T,16442,1
A,15340,1
G,10045,1
C,9398,1
TT,3011,2
AA,2637,2
AT,2149,2
TA,1931,2
TG,1858,2
AG,1712,2
CA,1684,2
CT,1618,2
GT,1460,2
GA,1449,2
TC,1403,2
GG,1154,2
CC,1147,2
AC,1141,2
GC,995,2
TTT,868,3
AAA,692,3
ATT,502,3
AAT,474,3
TAA,449,3
TTA,433,3
TAT,425,3
ATA,389,3
TGT,377,3
TTG,360,3
CTT,355,3
GAA,353,3
TGA,346,3
AGA,345,3
TCT,340,3
AAG,337,3
AGT,336,3
ATG,332,3
TGG,331,3
CAG,319,3
TCA,314,3
ACA,313,3
TTC,308,3
TTTT,308,4
GTT,300,3
CTG,297,3
CAA,286,3
ACT,279,3
CAT,268,3
CCT,268,3
CCA,267,3
CG,263,2
AGG,262,3
GTG,253,3
TAG,246,3
GAT,245,3
GAG,243,3
GTA,240,3
CTC,240,3
AAAA,231,4
TCC,230,3
ATC,230,3
GCA,228,3
CAC,226,3
AGC,223,3
TGC,221,3
GCT,221,3
GGA,213,3
AAC,212,3
TAC,204,3
CTA,204,3
GCC,184,3
GGT,177,3
ATTT,174,4
GGG,166,3
CCC,164,3
GGC,160,3
ACC,159,3
GTC,154,3
AAAT,140,4
TTTA,135,4
GAC,129,3
TATT,129,4
TAAA,123,4
AATT,119,4
TTTTT,118,5
TTAA,110,4
TTTG,110,4
AATA,110,4
ATTA,107,4
TTAT,107,4
AGAA,105,4
ATAT,101,4
CTTT,99,4
GAAA,97,4
TAAT,96,4
AAAG,95,4
TGAA,94,4
GTTT,93,4
ATAA,92,4
TTGT,92,4
TCTT,91,4
TGTT,89,4
TTCT,88,4
CAAA,85,4
CATT,84,4
TTCA,84,4
TATA,83,4
AAGA,81,4
TGTA,81,4
TGTG,80,4
AGTG,79,4
ATGT,79,4
TTTC,79,4
AAGT,78,4
TGAT,78,4
AAAAA,78,5
TGAG,75,4
ATGA,74,4
TTGA,74,4
AATG,73,4
AGAT,73,4
CCCA,72,4
ACTT,72,4
AACA,71,4
TCCT,71,4
CACA,70,4
GATT,70,4
TAGT,69,4
AATC,69,4
ATCT,69,4
ACAG,69,4
GAAT,68,4
CAGT,68,4
TCTC,68,4
TCAG,68,4
AGTT,67,4
AAAC,66,4
CCAG,66,4
CTGG,66,4
CTGT,65,4
CTCA,65,4
TGCT,65,4
GTAA,64,4
GGAG,64,4
CATA,64,4
TCTG,63,4
TATG,63,4
GGAA,62,4
TACT,62,4
TCAT,62,4
CAGA,62,4
CCTG,62,4
GTGT,62,4
ACAA,62,4
ATTTT,62,5
CCG,61,3
CTTA,61,4
CAGG,61,4
TTAG,60,4
TGGG,60,4
GAGA,60,4
TTAC,60,4
CAGC,60,4
AGTA,59,4
TTCC,59,4
TTGG,59,4
CACT,58,4
TAGA,58,4
ATGG,58,4
ATCA,58,4
TGGA,58,4
AGGA,57,4
ACAT,57,4
ACTG,57,4
TGGT,57,4
AGGT,57,4
TCAA,57,4
GTAT,56,4
TGCA,56,4
AGAG,55,4
GTGA,55,4
CGG,54,3
CGC,54,3
GCTG,54,4
TACA,54,4
GCCT,53,4
CCAA,52,4
AGGC,52,4
ATAC,51,4
TAAG,51,4
TTGC,51,4
CTGA,51,4
AAAAT,51,5
CTCT,50,4
TCCC,50,4
GGCT,50,4
TCAC,50,4
CCTC,49,4
GCCA,49,4
CACC,49,4
GTTA,49,4
GAGT,49,4
GAAG,48,4
AAGC,48,4
ATTG,48,4
AGCT,48,4
GCAT,48,4
AACT,48,4
CGT,47,3
TGTC,47,4
CAAG,47,4
AGCA,47,4
TCTA,47,4
TTTTTT,47,6
GCAA,46,4
CCAT,46,4
CTAT,46,4
AAATA,46,5
TTTTA,46,5
GTCT,45,4
ATAG,45,4
GAGG,45,4
AGCC,45,4
GTGG,45,4
GGTT,45,4
GATA,45,4
CTAA,45,4
AGAAA,45,5
TAAAA,45,5
GCG,44,3
TCCA,44,4
CCTT,44,4
GGGA,44,4
GGCA,44,4
ATCC,44,4
TCG,43,3
GATG,43,4
CTCC,43,4
GACA,43,4
GTGC,43,4
CTGC,43,4
GGAT,43,4
CTTG,42,4
TTAAA,42,5
CGA,41,3
GGTG,41,4
CTTC,41,4
TTTAT,41,5
GCTC,40,4
AGAC,40,4
TAAC,40,4
GTAG,40,4
CAAT,40,4
AACC,40,4
AAATT,40,5
ATAAA,40,5
GCAC,39,4
CTAC,39,4
TGGC,39,4
CATG,39,4
TTTTTTT,39,7
ATTC,38,4
GCAG,38,4
TGCC,38,4
ACCT,38,4
GACT,38,4
CCAC,38,4
TATC,38,4
ACCA,38,4
TTATT,38,5
CTTTT,38,5
GTTC,37,4
GGCC,37,4
GATC,37,4
TATTT,37,5
TTTTC,37,5
TTTGT,37,5
TTTAA,37,5
GGGT,36,4
CATC,36,4
AAGG,36,4
GCTT,36,4
TGAC,36,4
ATGC,35,4
ACTC,35,4
GTTG,35,4
AGTC,35,4
GAAC,35,4
CATTT,35,5
AATTT,35,5
ACG,34,3
AAAAAA,34,6
GGTA,33,4
GCTA,33,4
TAGG,33,4
GTAC,33,4
CCCT,32,4
ACCC,32,4
GTTTT,32,5
TCTTT,32,5
AAAAG,32,5
GACC,31,4
TACC,31,4
TGTTT,31,5
TATAT,31,5
ATTTA,31,5
TTAAT,31,5
TTCTT,31,5
AAGAA,31,5
CCTA,30,4
TAGC,30,4
GTCA,30,4
TTTCT,30,5
CTAG,29,4
AAAGT,29,5
AATTA,29,5
TAATT,29,5
TTTTG,29,5
GAAAA,28,5
GAGAA,28,5
TGTAT,28,5
AATAT,28,5
AATAA,28,5
GCCC,27,4
ACAC,27,4
ACTA,27,4
ATTAA,27,5
TAATC,27,5
ATATA,27,5
ATATT,27,5
TAAAT,27,5
TTTGA,27,5
ATGAA,26,5
TGAAA,26,5
CAAAA,26,5
ATAGT,26,5
ACTTT,26,5
GGTC,25,4
TAGTG,25,5
CCCAG,25,5
AAACA,25,5
ATTTTT,25,6
AGGG,24,4
GGGG,24,4
TTTAG,24,5
AGTGA,24,5
TGTAA,24,5
AAAAAAA,24,7
CCCC,23,4
TTAGA,23,5
ATGTT,23,5
GTAAT,23,5
TGAGA,23,5
ATTAT,23,5
CCAGC,23,5
TGATT,23,5
ATGAT,23,5
ATAAT,23,5
TTATG,23,5
TTGTT,23,5
TTTTTTTT,23,8
ATTTG,22,5
AGTTT,22,5
TTCAT,22,5
TAATA,22,5
TGGAG,22,5
TACAA,22,5
TTGAG,22,5
GGGC,21,4
CAAC,21,4
GAGC,21,4
TCTTA,21,5
TTAAG,21,5
ATTTC,21,5
CAGCC,21,5
AACAT,21,5
TTTCA,21,5
TTATA,21,5
TCTCA,21,5
TAGTA,21,5
AGGCA,21,5
TTCTA,21,5
TGAAT,21,5
TTTGG,21,5
AAAAC,20,5
TGGGA,20,5
GTTTA,20,5
ACATT,20,5
CTACT,20,5
TTGGT,20,5
ACAAA,20,5
TATTC,20,5
AATCA,20,5
CCAGG,20,5
ACACA,20,5
TCATT,20,5
TTTTTA,20,6
AAAAAT,20,6
AATGT,19,5
AGAAT,19,5
GCCTC,19,5
AAATG,19,5
TGGCT,19,5
AAGTA,19,5
TGGAA,19,5
GATAA,19,5
TTGAA,19,5
ATGTA,19,5
TAAGA,19,5
TGTCT,19,5
TGGTG,19,5
AGGAT,19,5
AAGCA,19,5
TTTTGT,19,6
GCCTG,18,5
ATGGT,18,5
TGCCT,18,5
TATTG,18,5
CAAAG,18,5
GATTT,18,5
TGTGT,18,5
TTCAG,18,5
TTTAC,18,5
GTTTG,18,5
CCTGG,18,5
GAATA,18,5
AGCCT,18,5
CTTTG,18,5
TGCAA,18,5
AGTGG,18,5
TCACA,18,5
ATTCT,18,5
CTCAA,18,5
CTCAT,17,5
GGTGA,17,5
GAGAC,17,5
CTGTT,17,5
TCAGA,17,5
GTTTC,17,5
AACAG,17,5
GGTTT,17,5
AAAGG,17,5
ATAGA,17,5
TCACT,17,5
GCTGG,17,5
CTCTG,17,5
TATCA,17,5
TAACA,17,5
CATAT,17,5
TGCAG,17,5
ATTAC,17,5
ATACA,17,5
CTGTG,17,5
TTTTTG,17,6
TAAAAA,17,6
CCCG,16,4
GGCG,16,4
CGCC,16,4
CTAAT,16,5
AAGTT,16,5
AGTTA,16,5
TTACT,16,5
CACTG,16,5
CAGCT,16,5
TCTGT,16,5
CTGCA,16,5
ACTGT,16,5
CTCCT,16,5
AAGTG,16,5
TTGGG,16,5
GGAAA,16,5
AAGAT,16,5
TCCCA,16,5
TCCTG,16,5
ATATG,16,5
CTATT,16,5
GTGAT,16,5
TAGAA,16,5
GAAAT,16,5
TACAG,16,5
TATTA,16,5
AGAAG,16,5
TAGCT,16,5
CAGCA,16,5
AATGG,16,5
TACCA,16,5
TATAA,16,5
AATGA,16,5
GGTGG,16,5
GCTGA,16,5
CTGGG,16,5
CACAC,16,5
GTCTC,16,5
ACTCT,16,5
ATTGT,16,5
ATTCA,16,5
TTTTAT,16,6
TTTTTTTTT,16,9
TTCCA,15,5
TTACA,15,5
CCATC,15,5
CTCAG,15,5
CAGTT,15,5
AGACA,15,5
TGCTG,15,5
TTCCT,15,5
TGCTC,15,5
TAGGT,15,5
AAAGA,15,5
ACCAT,15,5
ACATA,15,5
GATTA,15,5
TGTGA,15,5
TTCTG,15,5
GGGAT,15,5
TTGCT,15,5
TTAAC,15,5
TTGAT,15,5
CTTTC,15,5
TCTGC,15,5
GAGAT,15,5
CCTCA,15,5
CTCCA,15,5
CCTGT,15,5
GTGAA,15,5
AAACT,15,5
TGCAT,15,5
CCTTT,15,5
GAGTT,15,5
CTAAA,15,5
GGGAG,15,5
TGAAC,15,5
GCACT,15,5
AGAGA,15,5
CATTA,15,5
ATTAG,15,5
CACAA,15,5
TGAGG,15,5
CAAAT,15,5
ACAAG,15,5
TCAAG,15,5
AGCAA,15,5
TTATTT,15,6
TGTTTT,15,6
CAAAAA,15,6
TATTTT,15,6
GAAAAA,15,6
GTCC,14,4
GGAC,14,4
TTAGT,14,5
AATTC,14,5
GTAAA,14,5
TAAAG,14,5
TCTCC,14,5
GAGGC,14,5
TTCCC,14,5
AGGTT,14,5
CAGTG,14,5
TCAAA,14,5
TACTG,14,5
TACAT,14,5
AGGCT,14,5
TACTT,14,5
AACTC,14,5
ATCTT,14,5
TGTTA,14,5
AGCCA,14,5
TTGTG,14,5
TTCAA,14,5
CTCTT,14,5
ATCAT,14,5
AAGGA,14,5
TAATG,14,5
AGTAG,14,5
AAGCT,14,5
AGTAT,14,5
CCAAG,14,5
TAGTT,14,5
ATGTG,14,5
ATGCT,14,5
CAGAA,14,5
TTCTC,14,5
TGTAAA,14,6
TAAAAT,14,6
TTTCTT,14,6
AAAATA,14,6
GCCG,13,4
TCCG,13,4
CGGC,13,4
CGTC,13,4
CCGA,13,4
CGAG,13,4
CTGAA,13,5
CCTCC,13,5
TCTTG,13,5
CCTTG,13,5
AGCAT,13,5
GACAT,13,5
ATCAC,13,5
TCATG,13,5
TGATA,13,5
CATAC,13,5
TGTAG,13,5
TATGT,13,5
CACCC,13,5
TGGCA,13,5
ACAGG,13,5
AAGGT,13,5
AGATT,13,5
GAATT,13,5
CTTGA,13,5
AGCTG,13,5
AATTG,13,5
GTGGC,13,5
GAGGT,13,5
CACTT,13,5
TCCTT,13,5
CTGTA,13,5
ACCAA,13,5
GTGGT,13,5
TCTTC,13,5
AGGAG,13,5
ACTGC,13,5
TGTCA,13,5
GTCTT,13,5
TTTATA,13,6
TTTGTT,13,6
AAATAA,13,6
TTTAAA,13,6
CACACA,13,6
AAGAAA,13,6
ACAAAA,13,6
ATTTAA,13,6
CCGG,12,4
CCGAG,12,5
AATCC,12,5
CAATT,12,5
ACAGT,12,5
GCAGT,12,5
GGAAG,12,5
GGAGG,12,5
ATCCA,12,5
ACCTG,12,5
CCTCT,12,5
CTTAG,12,5
TCTAT,12,5
GTATT,12,5
AACAA,12,5
GGCTG,12,5
CATCA,12,5
TGTTG,12,5
CTGAG,12,5
GTTAT,12,5
ATCAA,12,5
TCCAT,12,5
AGCTT,12,5
TATAC,12,5
AGGAA,12,5
GTTCT,12,5
GATCT,12,5
GCCTT,12,5
GAAGT,12,5
TAGCC,12,5
ATCTG,12,5
ATTGA,12,5
AACTG,12,5
TCTAA,12,5
CAAGA,12,5
CTGAT,12,5
GCTAC,12,5
TGTTC,12,5
TCAGT,12,5
GCCCA,12,5
AGATA,12,5
CCACA,12,5
GATGA,12,5
AACCT,12,5
AAATC,12,5
CATGC,12,5
ACAAT,12,5
ATGGA,12,5
ACTGA,12,5
TTATC,12,5
CATGT,12,5
CTTAC,12,5
TTTAGT,12,6
TTAAAT,12,6
TCTTTT,12,6
TATATA,12,6
AATTTT,12,6
TTAAAA,12,6
GAAATT,12,6
ATTTTA,12,6
AAAGAA,12,6
AAAAAAAA,12,8
ACGT,11,4
CACG,11,4
TGGGT,11,5
GATGG,11,5
AATCT,11,5
CTTAA,11,5
CACCT,11,5
GGATG,11,5
CTGCT,11,5
TGAGT,11,5
GGCCT,11,5
GGGGA,11,5
GGATT,11,5
CCCAA,11,5
TATGA,11,5
ATAGG,11,5
TTGTC,11,5
AACTT,11,5
AAGAC,11,5
AGTGT,11,5
GCTTG,11,5
GTGTG,11,5
ATCCT,11,5
GAAGG,11,5
ACTAT,11,5
AGTTG,11,5
TGCTT,11,5
CTATA,11,5
AGATG,11,5
TCCTA,11,5
ACCCA,11,5
AATAC,11,5
GTTAG,11,5
GTGTA,11,5
ATGGG,11,5
CAACA,11,5
CTTCA,11,5
CAAGC,11,5
GCATG,11,5
GTAGA,11,5
GTGCT,11,5
TCAGC,11,5
TGGTT,11,5
CTCCC,11,5
GCCAC,11,5
AGGTG,11,5
CCTGC,11,5
GTTCA,11,5
ACTTC,11,5
GTGAG,11,5
TGATG,11,5
GAACC,11,5
CTCTA,11,5
TAGTC,11,5
TGAGC,11,5
TAGCA,11,5
CTGGA,11,5
GCTTT,11,5
ATGAC,11,5
GCAGA,11,5
GTGTT,11,5
ATTGC,11,5
ACAGA,11,5
TTGTA,11,5
GGAAT,11,5
TCTCT,11,5
ATGAG,11,5
TGAAG,11,5
ATCAG,11,5
TTAGG,11,5
AGTGC,11,5
AAACC,11,5
CTACA,11,5
GCATT,11,5
TAATTT,11,6
TTTTAC,11,6
ATTTAT,11,6
TTTTCT,11,6
TTTATT,11,6
TTAATT,11,6
TATATT,11,6
TTTGAG,11,6
TTTCTC,11,6
ACTGCA,11,6
ATTATT,11,6
ACTTTT,11,6
ACATTT,11,6
CTTTTT,11,6
AAAATT,11,6
TTTTTTTTTTT,11,11
TCGG,10,4
CTCG,10,4
ATCG,10,4
GCGT,10,4
AGGGA,10,5
AAGGG,10,5
CATTC,10,5
GGGTG,10,5
AAGCC,10,5
CATAA,10,5
GGCAG,10,5
ATAAC,10,5
GCAAC,10,5
TTGCA,10,5
TAGAT,10,5
GCAAA,10,5
TATCT,10,5
TGGAT,10,5
AGTTC,10,5
GCCAG,10,5
GTTAA,10,5
AAAGC,10,5
TCATA,10,5
CACCA,10,5
ATCTC,10,5
CCAAA,10,5
TCACC,10,5
CAGGC,10,5
CATGA,10,5
TAAAC,10,5
ATGTC,10,5
TACAC,10,5
GTATG,10,5
GTTGA,10,5
GAAGA,10,5
CAGAT,10,5
TGGTA,10,5
GGAGA,10,5
GAAAC,10,5
AGTCT,10,5
TATAG,10,5
GAATG,10,5
CAGGA,10,5
GTAAG,10,5
AATAG,10,5
ATGCA,10,5
CTCAC,10,5
AGATC,10,5
CAAGT,10,5
CCCAT,10,5
GCTCA,10,5
TGTGTT,10,6
TGGGAG,10,6
ATGTTT,10,6
TAAATA,10,6
ATCCCA,10,6
ATTAAA,10,6
AATTAA,10,6
AAAACA,10,6
TTTGAA,10,6
ATATTG,10,6
TCCCAG,10,6
GCTACT,10,6
TAAATG,10,6
TAGAAA,10,6
AATAAA,10,6
TTATAA,10,6
TTTTAA,10,6
AACATT,10,6
TGGGCA,10,6
TTTAAAA,10,7
TTTTTTA,10,7
TTTTTTTTTT,10,10
CGGG,9,4
GCGC,9,4
TTCG,9,4
CGTG,9,4
GGGCC,9,5
CTGCC,9,5
GGCCA,9,5
TCCCC,9,5
AGTCA,9,5
GGTGT,9,5
CTGGC,9,5
CAGTC,9,5
TATGC,9,5
CAACT,9,5
TGCCA,9,5
ACTGG,9,5
GGCAT,9,5
GGGAA,9,5
ATATC,9,5
ATTCC,9,5
GAATC,9,5
TGGTC,9,5
CAGGT,9,5
GAGCT,9,5
GTATA,9,5
ACTTG,9,5
TGCAC,9,5
GGAGT,9,5
GATGT,9,5
CCAAT,9,5
CTTCC,9,5
TTTGC,9,5
AACAC,9,5
CATTG,9,5
CAGAG,9,5
GACTT,9,5
CTTGG,9,5
TTCAC,9,5
ACTAA,9,5
TACTC,9,5
GAGCA,9,5
GAGAG,9,5
CCAGT,9,5
TGTAC,9,5
GCTCT,9,5
ACCAG,9,5
CCCCA,9,5
ACCCT,9,5
GAACA,9,5
AGCTA,9,5
ACCTT,9,5
CCTGA,9,5
GATAT,9,5
TTTCC,9,5
GACAG,9,5
CCACC,9,5
AAAAAG,9,6
TTTGTA,9,6
AGGCTG,9,6
AAATAT,9,6
TATTAT,9,6
TATTTG,9,6
CATTTT,9,6
CTTTAA,9,6
TTTAAT,9,6
ATAATA,9,6
TAAATT,9,6
GCTGAG,9,6
ATCTTT,9,6
TGTATT,9,6
TCTTCA,9,6
AGGCAG,9,6
AAAATG,9,6
ATTTTG,9,6
ATAAAA,9,6
ATTAGC,9,6
TTTTCA,9,6
GTAATC,9,6
CCTTTT,9,6
ATATAT,9,6
TATAAT,9,6
TTATTA,9,6
AATAAT,9,6
ACAAAT,9,6
TAATTA,9,6
AAAAGT,9,6
ATAAAAA,9,7
AAAAATG,9,7
CACACACA,9,8
GACG,8,4
CGCT,8,4
CGCG,8,4
CGGT,8,4
ACGA,8,4
ACGC,8,4
TCGT,8,4
TCCAA,8,5
CCCCC,8,5
CTGTC,8,5
CCCTT,8,5
TAGAG,8,5
GGGCA,8,5
GTCAG,8,5
CATCC,8,5
AGAGG,8,5
TATGG,8,5
CAAAC,8,5
TAAGG,8,5
ACATG,8,5
TTAGC,8,5
ACCTA,8,5
GGTAG,8,5
CACAG,8,5
ATACT,8,5
GTCCA,8,5
AGTAA,8,5
CTTGT,8,5
CCAGA,8,5
GGGTT,8,5
CCATG,8,5
TCCAG,8,5
GGTCT,8,5
CATCT,8,5
CAGAC,8,5
ATCTA,8,5
TGACA,8,5
GGTAT,8,5
AGACT,8,5
AGTAC,8,5
AGCTC,8,5
CTATG,8,5
ACTTA,8,5
TAAGT,8,5
ACCCC,8,5
GTGCC,8,5
TGGGC,8,5
GAGCC,8,5
TAAGC,8,5
GTGGG,8,5
ATAGC,8,5
GTCCT,8,5
GTTCC,8,5
ACACT,8,5
CAGTA,8,5
GTAGC,8,5
TCAGG,8,5
CATGG,8,5
GCAAT,8,5
TGTGC,8,5
TCATC,8,5
TCTAG,8,5
GGCAC,8,5
ACCAC,8,5
AAGTTT,8,6
AATTTA,8,6
ATGTAT,8,6
GGAAAA,8,6
TGAAAA,8,6
AAACAA,8,6
TAAAAC,8,6
CCTCCC,8,6
TGCAGT,8,6
GTAATT,8,6
ATCCTG,8,6
AAATTT,8,6
TAGATA,8,6
TTATAT,8,6
ACTTTG,8,6
TTCATT,8,6
AAGTAA,8,6
AGCTGG,8,6
CAGCCT,8,6
CAGGCA,8,6
TTACAG,8,6
AAACAG,8,6
AAAATC,8,6
TTTTGA,8,6
TGTTTA,8,6
AATGGA,8,6
AGTGAT,8,6
TGGTGG,8,6
CCCAGG,8,6
ATACAA,8,6
TGTTTC,8,6
AATCAC,8,6
AACATG,8,6
ATAAAT,8,6
AGTGAG,8,6
TAATAA,8,6
AAATTA,8,6
AATTCA,8,6
TGATTT,8,6
GGTTTT,8,6
ATATTT,8,6
CTGTAA,8,6
GTTTGT,8,6
AACAGA,8,6
AAATAC,8,6
AAAGAT,8,6
AATTCT,8,6
GTTTTG,8,6
AAATGAA,8,7
ATTTTTA,8,7
AAAAATA,8,7
TTTTATA,8,7
AAAAAAAAA,8,9
TTTTTTTTTTTT,8,12
GCGA,7,4
TGCG,7,4
CCGT,7,4
GCGG,7,4
TCGC,7,4
TCGA,7,4
GATAC,7,5
GGCTC,7,5
CACGT,7,5
TGGCC,7,5
GAGGG,7,5
GCCAA,7,5
TGTGG,7,5
TCTGA,7,5
GAACT,7,5
TTGGA,7,5
GCAAG,7,5
GACCA,7,5
TTGCC,7,5
ATTGG,7,5
CTAGT,7,5
CTTTA,7,5
GATTG,7,5
AGGTA,7,5
GTCAT,7,5
GGGTC,7,5
GGGGT,7,5
CCATT,7,5
GAAAG,7,5
AGACC,7,5
CCACT,7,5
GCTAA,7,5
CTAGA,7,5
CCTAG,7,5
GATAG,7,5
ATAAG,7,5
GTACT,7,5
TTACC,7,5
GGCAA,7,5
GCACA,7,5
TCCCT,7,5
GTTGG,7,5
GAAGC,7,5
ATGGC,7,5
GGAAC,7,5
AACTA,7,5
AAGAG,7,5
TGCCC,7,5
CACTC,7,5
TCCTC,7,5
CCTAA,7,5
GTAGT,7,5
TTGGC,7,5
ATCCC,7,5
TGACT,7,5
GGTAA,7,5
TTGAC,7,5
AATGC,7,5
GTACA,7,5
AGCAG,7,5
TGCTA,7,5
AGTCC,7,5
CTTTAG,7,6
CAGTGG,7,6
TGTCTC,7,6
TTTGGG,7,6
AATGTA,7,6
TTGATT,7,6
TTTCAG,7,6
TTCCTT,7,6
TAACTT,7,6
AGAAAC,7,6
CATTTA,7,6
CCAGCT,7,6
TTGTGT,7,6
TGGGAA,7,6
AGAAAT,7,6
TGCCTC,7,6
AGCCTC,7,6
ACTCAG,7,6
CCAGCC,7,6
TGGAGT,7,6
TTTTTC,7,6
CTTTTA,7,6
CCCAGC,7,6
TACAAA,7,6
AGCCTG,7,6
TGCTTT,7,6
AAATGA,7,6
TACACA,7,6
TCTAAA,7,6
TGGCTC,7,6
TTCTTA,7,6
GTTTTT,7,6
TATATG,7,6
TTCCCT,7,6
TCTGTT,7,6
AAAAAC,7,6
AGAAAA,7,6
ATGAAA,7,6
TTGTAA,7,6
GCAGAA,7,6
TTTCAC,7,6
CTTTTG,7,6
CTTGAA,7,6
AGACAG,7,6
TATAAA,7,6
GTATTT,7,6
TTCTTT,7,6
AATATT,7,6
TATACT,7,6
TTTCAT,7,6
TCTCCT,7,6
TTCTCC,7,6
TCACTT,7,6
TGATGA,7,6
TTACAA,7,6
CTATTT,7,6
TTTTGG,7,6
AAACAT,7,6
ATAAGA,7,6
ATTTCT,7,6
TTTTTCT,7,7
TCTTTTT,7,7
AATTTTT,7,7
CACTTTG,7,7
CAAAAAA,7,7
CCAGCCT,7,7
TTATTTT,7,7
AAAAGAA,7,7
AAAATAT,7,7
TTTTTAA,7,7
AAAAAAT,7,7
AAAAAAAAAA,7,10
AAAAAAAAAAA,7,11
AGCG,6,4
ACGG,6,4
CCGC,6,4
CGTT,6,4
AGGAC,6,5
AGCCG,6,5
GCTGT,6,5
CTACC,6,5
AGACG,6,5
TAGGC,6,5
GCACC,6,5
TCTGG,6,5
TCTAC,6,5
CCCTC,6,5
GACAA,6,5
GGTTG,6,5
CAATA,6,5
GATCC,6,5
GCTTC,6,5
TAACT,6,5
AGCAC,6,5
GTTGC,6,5
GTAGG,6,5
AGGGT,6,5
TCAAC,6,5
GGTCA,6,5
AGGCG,6,5
GACTA,6,5
GTCTG,6,5
CTTAT,6,5
CACAT,6,5
GGATC,6,5
GTCTA,6,5
CTTGC,6,5
GAGGA,6,5
TGGGG,6,5
GGCTA,6,5
AAGTC,6,5
GGTTA,6,5
GGGTA,6,5
CTTCT,6,5
TACTA,6,5
CAATG,6,5
CCTTC,6,5
CCATA,6,5
AAGGC,6,5
GATCA,6,5
TCGCT,6,5
ACCTC,6,5
GTTTTC,6,6
CAAAAT,6,6
GCAGCC,6,6
ATAGAA,6,6
GAGAAG,6,6
GTGTGT,6,6
CCTGGC,6,6
AGTATT,6,6
TCCCAA,6,6
TATGCT,6,6
TTGTGA,6,6
AAATGT,6,6
TGGCAA,6,6
ATGTGT,6,6
CTTATT,6,6
ATTAGA,6,6
AGTGTT,6,6
TATGTT,6,6
ATCAAT,6,6
TATCCT,6,6
GCAGTG,6,6
CAAAGT,6,6
AATTAT,6,6
CAAAGA,6,6
TGTTTG,6,6
CTGCAA,6,6
AAGCAA,6,6
CATATT,6,6
CTCCCA,6,6
TGAGAC,6,6
TGTTAT,6,6
TGAAGT,6,6
TTGTAT,6,6
TCCTGG,6,6
GATTTT,6,6
AGAATT,6,6
GAATGA,6,6
TTCTAA,6,6
TGATAT,6,6
AAGACA,6,6
GTGATT,6,6
ATAGCT,6,6
AGATTG,6,6
CTGGGA,6,6
AGTTCA,6,6
GCATTT,6,6
CCTGTA,6,6
TGTGAA,6,6
GGTGAC,6,6
TGAAAT,6,6
GAATTG,6,6
CAGATT,6,6
TTATCT,6,6
CAAACT,6,6
AGAAAG,6,6
AAGTGG,6,6
GCCTGG,6,6
ACTTTA,6,6
TAAGAA,6,6
CCAGCA,6,6
TTACTT,6,6
GTGAAA,6,6
ATAGGA,6,6
TTATGA,6,6
GTTCAA,6,6
GAGGCT,6,6
TGAAAG,6,6
TACTTT,6,6
AAGATG,6,6
GTTAAT,6,6
TTAATA,6,6
GAGAAT,6,6
TATTGT,6,6
ATGGAT,6,6
GTAGTG,6,6
CTAAAA,6,6
CCATCT,6,6
TGCCAC,6,6
TTAAGA,6,6
TATGAA,6,6
AAGAAT,6,6
ATATAA,6,6
CTGCAC,6,6
AACAGT,6,6
ACATTA,6,6
CTTTGG,6,6
CATTAT,6,6
TCATTT,6,6
AAAAGC,6,6
TAAAAG,6,6
AGATTT,6,6
TGTGGT,6,6
TCTCAA,6,6
AGGTTG,6,6
GAGACC,6,6
CAGGAG,6,6
TTGTCT,6,6
CACTGT,6,6
CTTTAT,6,6
GAAATG,6,6
TTGAGG,6,6
TGGTTT,6,6
GTCTTC,6,6
AAAGTT,6,6
GTTTCT,6,6
AAGAAG,6,6
TTTATG,6,6
ATGAAT,6,6
GTTTAT,6,6
TGTAAT,6,6
GGAGTT,6,6
GAAACT,6,6
TTTGTG,6,6
TTCTCA,6,6
TTGGCT,6,6
GTCTTT,6,6
AATATA,6,6
CTTCTT,6,6
TTTTCC,6,6
CTGTGA,6,6
AGATGG,6,6
CCATTT,6,6
TTTTAAA,6,7
TTTAACA,6,7
AAAGTTT,6,7
ATATTAA,6,7
TTTTCAG,6,7
ATTTATA,6,7
TTTGAGA,6,7
TTTTTGT,6,7
TGTATTT,6,7
GTATTTT,6,7
AATAAAA,6,7
GAGGCAG,6,7
ACACACA,6,7
AAAGAAA,6,7
TAAGAAA,6,7
CAGCCTG,6,7
AGAAAAA,6,7
TAAATAA,6,7
TTTTTTC,6,7
CACACACACA,6,10
TTTTTTTTTTTTT,6,13
CGAT,5,4
CGAA,5,4
ACGTT,5,5
CCCTA,5,5
CAGGG,5,5
CCGCG,5,5
CGGCC,5,5
TGTCC,5,5
TGGCG,5,5
CCCGG,5,5
GGGGC,5,5
AGGCC,5,5
GGACA,5,5
GTGTC,5,5
GTGGA,5,5
CTCGC,5,5
ACACC,5,5
CGAAT,5,5
CATAG,5,5
CCCCT,5,5
CTCGG,5,5
CTCTC,5,5
ACAGC,5,5
TGGAC,5,5
ACTCA,5,5
GATTC,5,5
TCACG,5,5
CAAGG,5,5
TATCC,5,5
TACCT,5,5
ACATC,5,5
GCTAT,5,5
GAGTC,5,5
GTGCA,5,5
GTCAC,5,5
AGAAC,5,5
TAGGA,5,5
CAATC,5,5
TGACC,5,5
GCTCC,5,5
GCCTA,5,5
GTTGT,5,5
ACTAC,5,5
CTGGT,5,5
GCTGC,5,5
AGAGT,5,5
CGAGA,5,5
GGTTC,5,5
AGGGG,5,5
TAGTAT,5,6
ATTAAG,5,6
GTGATG,5,6
AAAGTG,5,6
GTAAAT,5,6
ATGTAA,5,6
GCTCAG,5,6
GGGATT,5,6
GTGAGA,5,6
GCTGGG,5,6
CCTGGG,5,6
GGAAAT,5,6
TAGAAG,5,6
GCTCCT,5,6
TGAAAC,5,6
CAGAGT,5,6
TTAGAA,5,6
CTGTTT,5,6
AAATAG,5,6
TTGTTG,5,6
GTTATT,5,6
ATCTTA,5,6
TACATA,5,6
CAGTGA,5,6
TTGGTA,5,6
CTTACT,5,6
ATGTTA,5,6
TTGATA,5,6
TAGCTT,5,6
CAGGCT,5,6
TCAGGA,5,6
AGATAA,5,6
AGGAAA,5,6
ATTTGT,5,6
ATGGAG,5,6
TCTGTC,5,6
AGCTCA,5,6
CCACTG,5,6
GTGAAT,5,6
TTGGTT,5,6
AATGTT,5,6
TTTTAG,5,6
CTAGAA,5,6
CTGGGT,5,6
TCACCA,5,6
CAATCT,5,6
TGAGCC,5,6
TGCTCT,5,6
CCTGCC,5,6
GCCAAG,5,6
GTGATC,5,6
CTGAGA,5,6
TATAGT,5,6
AATGAA,5,6
AAATCT,5,6
GAATCA,5,6
TTCATA,5,6
GAAAAT,5,6
AAGATA,5,6
TTGAAC,5,6
TCTTAG,5,6
AGCCAA,5,6
GTGGCT,5,6
AGAGAA,5,6
TATGTA,5,6
TCTGAA,5,6
GTCATT,5,6
TAGTGA,5,6
TGGTAG,5,6
TTCTGA,5,6
CTGGTA,5,6
CCAGGT,5,6
CAGCAC,5,6
GTCTCT,5,6
AATACA,5,6
GGAGGA,5,6
TAGTTA,5,6
CTTTCT,5,6
CTTCCT,5,6
TCTTGA,5,6
TAAACA,5,6
AGTGAA,5,6
CATTAA,5,6
CTCAGT,5,6
GAAAGA,5,6
ATGAGG,5,6
ATTTCA,5,6
AGGAGT,5,6
CTGGGC,5,6
CTCTAC,5,6
ATGTGC,5,6
ATATTA,5,6
AGAATG,5,6
TAATCT,5,6
TATTAA,5,6
TGATTA,5,6
GAAGAG,5,6
TGTTGA,5,6
TCTGCA,5,6
ATGACT,5,6
ACAGGC,5,6
TGCATA,5,6
CATCTT,5,6
GGATCA,5,6
AAGTAT,5,6
AAAGCA,5,6
TAGCCA,5,6
GAGGGA,5,6
TGCTCA,5,6
TTAAAG,5,6
TTTACT,5,6
ATAATT,5,6
AGTTAA,5,6
TTCTGT,5,6
CTCTCT,5,6
AAACTG,5,6
TCAAAT,5,6
TCTCTA,5,6
AACCCA,5,6
GGAGGC,5,6
CACCAC,5,6
GAGACT,5,6
TCAAAA,5,6
AAGGAA,5,6
TACAGT,5,6
TCAGAA,5,6
GTTAAA,5,6
ACATCA,5,6
ATGAAG,5,6
GATGTT,5,6
ATATAC,5,6
TCATTC,5,6
GGTATT,5,6
ATCTCA,5,6
TTTAAG,5,6
GGAATT,5,6
GTAACA,5,6
GCCTCA,5,6
GGCATG,5,6
TAAAGT,5,6
TATCTT,5,6
AAAACT,5,6
CACAAA,5,6
AAGCCA,5,6
AAGTAC,5,6
AAGCAT,5,6
GTGCCA,5,6
AGCAGA,5,6
ATCACT,5,6
TCATAT,5,6
ATTATC,5,6
AATTAG,5,6
ATTCTA,5,6
TTCTAT,5,6
GTGTTT,5,6
TTCATG,5,6
TGGCAT,5,6
ACAATT,5,6
CTGACA,5,6
TGATAA,5,6
ACCTCC,5,6
TCCTTT,5,6
TCTCTT,5,6
AAATTC,5,6
AATACC,5,6
AGTATC,5,6
TTGAAA,5,6
AATAGC,5,6
TGAGAT,5,6
GCCCAG,5,6
GATGGA,5,6
ACAATA,5,6
TTATGT,5,6
AGCATT,5,6
CTTCAA,5,6
TTTCTG,5,6
AGAGTG,5,6
GGTTAT,5,6
TAGTTT,5,6
ATTTGA,5,6
ATATGG,5,6
TATTTC,5,6
CATGTT,5,6
CTATTC,5,6
ATTAAT,5,6
CAGAAA,5,6
GCTTTT,5,6
TTACTA,5,6
GTTTCA,5,6
CTCAAA,5,6
TCAAAAA,5,7
ACAAAAT,5,7
TTTTGTT,5,7
TGTTTTT,5,7
CTCACTG,5,7
GCCTCCC,5,7
TTTTTTG,5,7
GTTTCAC,5,7
AGCTGGG,5,7
GATTACA,5,7
AATGTAA,5,7
AAAAGTT,5,7
GCCTGTA,5,7
ATCCCAG,5,7
AAAATAA,5,7
TTTAGTA,5,7
TTTGTTT,5,7
CACACAC,5,7
TTAAATT,5,7
GTGTGTG,5,7
TATATAT,5,7
ATATATA,5,7
CTCCTGC,5,7
AATTATT,5,7
CTTTAAA,5,7
AAGAAAT,5,7
GGAGGCT,5,7
AATTGAT,5,7
TATTTTA,5,7
TTTATTT,5,7
AATCCCA,5,7
CTAATTT,5,7
TGTTTAA,5,7
TTTTTAT,5,7
TAAAATA,5,7
TAAAAAT,5,7
TTCTGTG,5,7
ATATACT,5,7
TTTATAA,5,7
TGTATTTT,5,8
TTTTGTAT,5,8
GGAGGCTG,5,8
CAAAAAAA,5,8
TTTTATTTT,5,9
TTTTTTTTTTTTTTTT,5,16
ACCG,4,4
CGTA,4,4
CGCA,4,4
AGGGC,4,5
CCGGC,4,5
GACTC,4,5
TCCAC,4,5
AACCC,4,5
GCCAT,4,5
CGGTG,4,5
GACTG,4,5
CTAGC,4,5
CCTTA,4,5
GTAAC,4,5
CCACG,4,5
CTGAC,4,5
TCCGC,4,5
GCGTG,4,5
GATGC,4,5
GCAGG,4,5
GGCGT,4,5
GGTAC,4,5
CTAGG,4,5
GCATA,4,5
TAACC,4,5
CTAAG,4,5
AACCA,4,5
TCAAT,4,5
CCCCG,4,5
GTGAC,4,5
ACTAG,4,5
CCAAC,4,5
CCTAC,4,5
ACGCC,4,5
TAGAC,4,5
GACAC,4,5
CCCTG,4,5
GCGCA,4,5
ACTCC,4,5
GACCC,4,5
GGATA,4,5
CCGGG,4,5
TGATC,4,5
ATCGT,4,5
TACCC,4,5
GAGTG,4,5
GACCT,4,5
TCTTAA,4,6
ATTCTT,4,6
AGAGTT,4,6
GGCCCT,4,6
TCCATC,4,6
TTCTGC,4,6
ACACCT,4,6
TCCCTT,4,6
AATTAC,4,6
ATTCCC,4,6
GCCAGG,4,6
AGTCTC,4,6
CCGGCT,4,6
CCAAGG,4,6
GGCGGG,4,6
ATGCTG,4,6
CAAGCC,4,6
CCCTGT,4,6
AGACAT,4,6
TTATGG,4,6
ATCTCT,4,6
GCCAAA,4,6
ACCAAA,4,6
GTATGA,4,6
ATCACA,4,6
GAACTT,4,6
ACATAG,4,6
TGTCAA,4,6
GGGAAG,4,6
TTGTGG,4,6
GTGTGC,4,6
AATTTC,4,6
AAAAGA,4,6
TTTGCA,4,6
TAGAGA,4,6
AAGGTT,4,6
AATGAC,4,6
TTCCTA,4,6
ATCTAA,4,6
GTAAAA,4,6
ATTCTG,4,6
CTAGCA,4,6
CCATGT,4,6
GGTTTA,4,6
CATGGT,4,6
CCAGTG,4,6
TTTGTC,4,6
TTACAT,4,6
CAATAT,4,6
AGGTGT,4,6
GCTGGA,4,6
GTGCAG,4,6
GATCTC,4,6
CCTCTG,4,6
CCTCCT,4,6
GATTAC,4,6
GCTGGT,4,6
CTCCTG,4,6
TGATCC,4,6
TGGGAT,4,6
TACAGG,4,6
TGTTAA,4,6
TTCAAA,4,6
CTCACT,4,6
GCCACC,4,6
TGGTCT,4,6
GAGTCT,4,6
TTCAGC,4,6
CTGCTT,4,6
TGGAGA,4,6
TTTGCC,4,6
GCATGA,4,6
GCCACT,4,6
AGCTGA,4,6
AGTGTA,4,6
GTTAAG,4,6
CACAGA,4,6
AAGTGA,4,6
TATTGA,4,6
TCTCTC,4,6
AAACTT,4,6
TCATGT,4,6
CAGTAA,4,6
TTTAGG,4,6
TAAGGT,4,6
TCTAAG,4,6
ATGCAT,4,6
GGCAGT,4,6
CAGGTT,4,6
GTTGAA,4,6
TTTGAT,4,6
TTCACT,4,6
TCAACA,4,6
CAGAAC,4,6
GATTAT,4,6
AGGCAC,4,6
TTCAAG,4,6
AACCAA,4,6
AGACCA,4,6
CACTCC,4,6
AAGGAT,4,6
CAATGT,4,6
TGAGAA,4,6
TGGAAA,4,6
GTGCTA,4,6
TGAATT,4,6
GTTTGG,4,6
AGAGAG,4,6
CTGTAT,4,6
TGACTA,4,6
TTTCCT,4,6
AAGCTC,4,6
AGGAGA,4,6
CCTCAG,4,6
AGAACA,4,6
TCCTGT,4,6
TGTGTC,4,6
TAATGT,4,6
AGCTAT,4,6
TTAGTA,4,6
AATAGT,4,6
GAAAGG,4,6
CATGTA,4,6
ATAAGT,4,6
ACTGAT,4,6
ACCCCA,4,6
ATATGT,4,6
ACCAGC,4,6
CATACA,4,6
CAGTCT,4,6
TAGTCC,4,6
ATGATG,4,6
TATTTA,4,6
GGTGTG,4,6
GATATA,4,6
ACACTT,4,6
TAGTCT,4,6
ATTCTC,4,6
CTGTCT,4,6
CAGCTT,4,6
GATTTG,4,6
TGAATC,4,6
GTGCTT,4,6
GAAAAG,4,6
TGATTG,4,6
GAAGGA,4,6
GAAGAA,4,6
AATATG,4,6
GAACCT,4,6
TCATGA,4,6
CTGTGG,4,6
AGTAGA,4,6
GAAATA,4,6
GATATT,4,6
CTTAAT,4,6
TGTTCA,4,6
TGAGCA,4,6
TTTACA,4,6
TGAATA,4,6
TAAAGA,4,6
CTATCA,4,6
ACATAA,4,6
TAATAT,4,6
GAAACA,4,6
GCTCAC,4,6
AGCACT,4,6
TTGGGA,4,6
GGCAGG,4,6
TCAAGA,4,6
TGCTTG,4,6
CACAGT,4,6
CTCAGG,4,6
CCTGTC,4,6
CAAGTT,4,6
GAATTA,4,6
TAATTG,4,6
CACTGC,4,6
GAGTTT,4,6
ATGTAG,4,6
CTCACA,4,6
AGCCAG,4,6
TGATGT,4,6
TTTGGT,4,6
TACTGA,4,6
GGCTGG,4,6
ATCATT,4,6
TCCATT,4,6
AAAGCC,4,6
TCCAGT,4,6
ATAGTT,4,6
TTGGAA,4,6
ATGTGA,4,6
CAACAT,4,6
ACAAAG,4,6
GATAAA,4,6
CTCAGC,4,6
TGTTCT,4,6
TCATAA,4,6
CACTTT,4,6
GGGAGG,4,6
GATCAC,4,6
TGGCTA,4,6
GTGAGC,4,6
AACAAA,4,6
GATTTA,4,6
AGTTTT,4,6
TTGTTT,4,6
TGAGTA,4,6
CCAAAG,4,6
CCACAC,4,6
TTGTAG,4,6
GAAATC,4,6
AATCAA,4,6
TTTAGA,4,6
ATATGA,4,6
AATCAT,4,6
GGATTT,4,6
AAAACC,4,6
TTGAGT,4,6
CCTGAG,4,6
TACATT,4,6
ATACCC,4,6
GACACA,4,6
ATGAGT,4,6
AAAGTA,4,6
AACATC,4,6
AAAAGG,4,6
CTTGTC,4,6
AGTTTG,4,6
TGCTGT,4,6
TCAGTT,4,6
ACATAT,4,6
GACAGT,4,6
ATTTGG,4,6
TAAGTC,4,6
TTCTTG,4,6
GAAGTT,4,6
ATATTC,4,6
ATTATA,4,6
AATTGG,4,6
GATCTG,4,6
GTACCT,4,6
TCTGTA,4,6
CACCCA,4,6
AGGCAA,4,6
GGCCCA,4,6
TTGCAC,4,6
AAAGCT,4,6
CATCTC,4,6
AGTCTA,4,6
AGTCTG,4,6
ATGCCT,4,6
ACTCTT,4,6
AGTGGA,4,6
GACTTT,4,6
CTATTA,4,6
ACCCAG,4,6
TGTAAG,4,6
TTTCCA,4,6
TTCCAA,4,6
TTGCTC,4,6
TTAACT,4,6
ACAGGT,4,6
CTAATA,4,6
CATCCT,4,6
CCAAGT,4,6
AGGAGG,4,6
AGAAGG,4,6
CAGTTC,4,6
TTAGGT,4,6
AATCTT,4,6
CACATA,4,6
TAAGTG,4,6
AGGTAG,4,6
AGCACA,4,6
TTCCAT,4,6
AGGTTC,4,6
TTGTTA,4,6
TAAACT,4,6
GGATAA,4,6
AACATA,4,6
TGCTAT,4,6
TCCTCA,4,6
ATTACA,4,6
CAGGAA,4,6
CTCCAT,4,6
AGTTAT,4,6
CACTTG,4,6
ATCAGT,4,6
CACCAA,4,6
ATAATG,4,6
TGCCCA,4,6
TCAGCC,4,6
TGGATC,4,6
GGATGG,4,6
ACCATG,4,6
CTGCCT,4,6
AGTTTTA,4,7
CATTTTT,4,7
TTGCTCA,4,7
TGCTGAG,4,7
AAATTAG,4,7
TTAGTAG,4,7
GCAACAT,4,7
TGTGATT,4,7
ATAAATA,4,7
GTTTGTT,4,7
AATGACT,4,7
AAATTAT,4,7
ACTTTTT,4,7
AAATTTT,4,7
GTAATTT,4,7
TAATCTT,4,7
ATTTGAA,4,7
TAGAAGA,4,7
GTTTCTT,4,7
AGTGCAG,4,7
TGGTTTC,4,7
CCTCAGC,4,7
TGGGATT,4,7
TGAATGT,4,7
TGTGTCA,4,7
GGCTGGA,4,7
TCACTGC,4,7
TACTTTG,4,7
AAAACAG,4,7
TTTATCT,4,7
ATTTTGA,4,7
TGGTGGC,4,7
GGAGGCC,4,7
CTCTACT,4,7
AATTTAA,4,7
AAAGAAG,4,7
AAATAAT,4,7
TAGAATT,4,7
TCATCTT,4,7
TTTAATA,4,7
TCTAAAA,4,7
AATTAAT,4,7
AACCCTG,4,7
ATATTTG,4,7
TTCTTAA,4,7
TTTTTAC,4,7
TTCTTAC,4,7
TACCATG,4,7
GAAAATA,4,7
CTCTGTT,4,7
TTTAGAC,4,7
TTTTGAA,4,7
TCTCTCT,4,7
AGATGAT,4,7
TACTGTA,4,7
AATAAAT,4,7
AAACTCA,4,7
AAATATT,4,7
TATATTT,4,7
AAAATTA,4,7
CAGGAGG,4,7
ATTATTT,4,7
ACCAAAA,4,7
ATACATT,4,7
CTTTTTT,4,7
TAGAAAA,4,7
ATTAGCC,4,7
CTGAGGC,4,7
TGAGCCA,4,7
TTGTATT,4,7
TCAATGA,4,7
TATTTAT,4,7
ATGATAT,4,7
GTAATCC,4,7
ACAGAAA,4,7
TGTTTTA,4,7
TTATAAT,4,7
TTAAAAG,4,7
GTTCAAG,4,7
AAATTAA,4,7
TTTCTGT,4,7
CCCAGCT,4,7
TTTTACT,4,7
ATTTTGT,4,7
AAGTATC,4,7
ACTGTAA,4,7
TTTCATG,4,7
GTTTTTT,4,7
TTTCCTA,4,7
GAAATTA,4,7
AAGGCAG,4,7
TGTTTGT,4,7
ATTTCTG,4,7
CCTTTTA,4,7
TATTTTT,4,7
CCGCCTC,4,7
GCCTCAG,4,7
TGATTTT,4,7
TGATTCT,4,7
TTTTCTG,4,7
AGTGGCA,4,7
CTAATTTT,4,8
AAAATGAA,4,8
TTTTTTTC,4,8
GAACCTGG,4,8
TACAAAAA,4,8
CCAGCCTG,4,8
TGGAAAAA,4,8
CTGTAATC,4,8
TATATATA,4,8
TAAGAAAA,4,8
TGTGCTTT,4,8
AGCACTTT,4,8
AAAAAATA,4,8
TTTTTAGT,4,8
TTTATTTT,4,8
AAAAATTA,4,8
CAGGCTGG,4,8
AAACAAAA,4,8
TATCTTTT,4,8
TTCCATTT,4,8
TAAATAAA,4,8
GTGCTTTT,4,8
TGGGATTAC,4,9
ATAAAATAA,4,9
AGCCTGGGC,4,9
ACACACACA,4,9
AAAAATACA,4,9
CCGAGTAGCT,4,10
TGTATTTTTA,4,10
TCTTTTTTTT,4,10
GCTGAGGCAG,4,10
AAAAAAAAAAAA,4,12
CACACACACACA,4,12
GTCG,3,4
TACG,3,4
GCGGA,3,5
GTGCG,3,5
CGCCG,3,5
TTGCG,3,5
CCGCC,3,5
GGCGG,3,5
GGCGC,3,5
TCCCG,3,5
ACCCG,3,5
GGACC,3,5
TCCGT,3,5
AGCGT,3,5
CTCGT,3,5
TCGTT,3,5
TTCGT,3,5
GGTGC,3,5
CAACC,3,5
CGCCA,3,5
TCTCG,3,5
CCTCG,3,5
GCGCC,3,5
GCAGC,3,5
TTTCG,3,5
CACTA,3,5
GCCGG,3,5
CCCGT,3,5
TTCGA,3,5
ATACG,3,5
CGAAA,3,5
CGTCT,3,5
GTTAC,3,5
CCTAT,3,5
CGTGA,3,5
CCGTA,3,5
CGGCA,3,5
ACCGT,3,5
GTACC,3,5
GGACT,3,5
GGCTT,3,5
GTATC,3,5
CGATC,3,5
GAGTA,3,5
GCTTA,3,5
TCGTG,3,5
ATGCC,3,5
CCCAC,3,5
GAACAT,3,6
TTCTGG,3,6
CGTCTG,3,6
TGCCTG,3,6
CCCCCC,3,6
CTTGGG,3,6
TCCGCC,3,6
TCGGCC,3,6
AATCCC,3,6
TCAGGG,3,6
GGGCAA,3,6
CAGACA,3,6
TCCCCC,3,6
TCATTA,3,6
TGGTGA,3,6
GCTTGC,3,6
GGAAGT,3,6
GTCCTG,3,6
GAGGGG,3,6
GTCAGG,3,6
CCCCTG,3,6
CGCACC,3,6
ATCCAG,3,6
GGCTGC,3,6
GTGGAA,3,6
TGCATC,3,6
CCTCTT,3,6
AGACTC,3,6
TTCTAC,3,6
GGGCAG,3,6
AGGATT,3,6
ATGTTC,3,6
CAGAGG,3,6
TTGACT,3,6
CACACC,3,6
GTTTAA,3,6
GACTGG,3,6
TCATCC,3,6
TAACAT,3,6
GTGGAG,3,6
CCCTGA,3,6
TTACTG,3,6
ACAGAT,3,6
CAGTTA,3,6
CATTGA,3,6
TTAGGG,3,6
ACGTTT,3,6
ATTCCT,3,6
AGACCC,3,6
TGGAGC,3,6
GATCCA,3,6
AACTTT,3,6
GTTCTG,3,6
TGTAGA,3,6
TCTCTG,3,6
CTCTGA,3,6
TCCTAT,3,6
TCTTTC,3,6
CACTCT,3,6
TCTCGC,3,6
ACCCTG,3,6
TGGTGC,3,6
AGGCAT,3,6
CCACGC,3,6
CTGGCT,3,6
GGCCAG,3,6
CTCGGC,3,6
GAGTGC,3,6
ATGTCA,3,6
GCTCAT,3,6
GGAGTC,3,6
TGTCAC,3,6
GCAAGC,3,6
GCCATT,3,6
GTGCTG,3,6
CAGGCG,3,6
CAATTT,3,6
TCACTG,3,6
TATTCT,3,6
GTAGCT,3,6
CCTCCA,3,6
AACTTA,3,6
TACTAA,3,6
CTTACA,3,6
GGGAAA,3,6
GGGGAA,3,6
TAATCC,3,6
ACCATT,3,6
CCCTGC,3,6
TTAGAC,3,6
TAATGG,3,6
ATATCA,3,6
TGACTT,3,6
TACACT,3,6
CAGATA,3,6
ACTTGA,3,6
CTAACA,3,6
TTGCAA,3,6
TATAAC,3,6
GATGCA,3,6
TGTCTT,3,6
TAGTAC,3,6
GTTTTA,3,6
ATGATT,3,6
TAAGGC,3,6
GAAAAC,3,6
AAGATT,3,6
GCTTTC,3,6
CCCTAA,3,6
GACAGA,3,6
GATGTG,3,6
TGGTTG,3,6
GTAGGG,3,6
ATTGGG,3,6
AGGGTA,3,6
CCTACT,3,6
AGATTC,3,6
GGTAAT,3,6
AAAGGG,3,6
AACCCC,3,6
GCAGGA,3,6
GAATGG,3,6
AGAGCA,3,6
TAGATT,3,6
AGAAGC,3,6
GTACAA,3,6
ACTAAT,3,6
AGCTTC,3,6
CTAAAT,3,6
CTTTTC,3,6
CAGTCA,3,6
ATGGGG,3,6
GGGAGA,3,6
GAATAT,3,6
ATACAG,3,6
GTATCT,3,6
TGGATT,3,6
GTACTC,3,6
ATGCCA,3,6
ATCATC,3,6
TATGGC,3,6
GCAAGA,3,6
ATGGGA,3,6
GTTCTT,3,6
TAGACT,3,6
AGACAA,3,6
CCTAAA,3,6
CAAAGG,3,6
ATAGTG,3,6
GCATGG,3,6
ACGCCT,3,6
AAGGCA,3,6
TTGCTT,3,6
AAACCA,3,6
GCAGTT,3,6
GTTTAG,3,6
GACTAT,3,6
AGTATG,3,6
TGTGTG,3,6
TTAAGG,3,6
TAATAG,3,6
GTGTAG,3,6
AATCTC,3,6
ATGACC,3,6
TCCTCT,3,6
CCCTTG,3,6
CTGTAC,3,6
TCTTCT,3,6
ATGGTC,3,6
CCTCTA,3,6
AGCAGT,3,6
TGAGGA,3,6
AAAGAG,3,6
GGAACA,3,6
GTACAG,3,6
AGAGCC,3,6
CCTTGG,3,6
AAGGCT,3,6
AAGATC,3,6
TGGACT,3,6
TTAGAG,3,6
ACAATC,3,6
CATATA,3,6
AGCATG,3,6
TGTGCT,3,6
TGTAGG,3,6
GAGAGT,3,6
CAGCAG,3,6
ACCAGG,3,6
CCCCAC,3,6
CCTAGC,3,6
CTCATA,3,6
ATATAG,3,6
GATTAG,3,6
TTTCTA,3,6
TGATTC,3,6
TGCAAT,3,6
TTGAAG,3,6
TCAATC,3,6
CTATTG,3,6
AGAACC,3,6
GGGTTT,3,6
ATCATA,3,6
GGGGGC,3,6
GACCAG,3,6
GAGCTG,3,6
GCAACA,3,6
AACCCT,3,6
GTAGTT,3,6
GAAGTG,3,6
TGTACT,3,6
TGGGTG,3,6
GGGTAT,3,6
GAGAAA,3,6
TTTCAA,3,6
TGTAGT,3,6
TCTTTA,3,6
AGATGT,3,6
TAAGTT,3,6
CTTCCA,3,6
AGACTT,3,6
CCAATT,3,6
TCCCAC,3,6
GTTGCC,3,6
CAGTTT,3,6
AGCAAA,3,6
AGGAAG,3,6
CAGCAT,3,6
ATGACA,3,6
TATTGC,3,6
AAGCCC,3,6
CCATCC,3,6
TAAATC,3,6
CCCAGA,3,6
CAGAGA,3,6
ACTTCT,3,6
CACCTT,3,6
TATGAT,3,6
CTTAAC,3,6
ATTATG,3,6
ATTTTC,3,6
AAGTTG,3,6
CTTATA,3,6
GTGTAT,3,6
TAATGC,3,6
GCATTA,3,6
TAATCA,3,6
CAAGAG,3,6
CTGTTG,3,6
ACATGG,3,6
TCTACT,3,6
TTCAGG,3,6
GGAGAG,3,6
GCAGAG,3,6
CGAGAT,3,6
CTCCAG,3,6
TGACAA,3,6
CAAGTG,3,6
CTGAGG,3,6
CCAAGA,3,6
GTGACA,3,6
GACTCT,3,6
TAAGAT,3,6
CAATGA,3,6
AGGAAT,3,6
AGTGCA,3,6
GGTTCA,3,6
GTCTCC,3,6
CAGGAT,3,6
TATGTG,3,6
AGGTGA,3,6
TCATCA,3,6
ATGTTG,3,6
CCATTC,3,6
CTTCAT,3,6
CAAAAG,3,6
TCAGGT,3,6
TAGAAT,3,6
GACAAG,3,6
AATAAC,3,6
ATTAGG,3,6
ACAAAC,3,6
GGTGGC,3,6
TGGAGG,3,6
GATCAG,3,6
ACAGCT,3,6
GTGGTG,3,6
CTGCTG,3,6
TCTAGA,3,6
AGTTCC,3,6
ACTGCT,3,6
ATTAAC,3,6
GCAATA,3,6
GATTCC,3,6
GCAAAT,3,6
TTGGGT,3,6
AATCAG,3,6
TCTGTG,3,6
GTGAAC,3,6
GAGGAA,3,6
CTAAAC,3,6
CAGCAA,3,6
AGCATA,3,6
TAGGGA,3,6
GAATCT,3,6
TAATTC,3,6
GCTTAA,3,6
GACACT,3,6
GAATTT,3,6
GAGACA,3,6
TGCACA,3,6
TCATGC,3,6
TGTATG,3,6
CACTAA,3,6
CTTGAT,3,6
TGATGC,3,6
GTTAGA,3,6
GAAAGC,3,6
GTCTTA,3,6
TTCAGA,3,6
AATGTC,3,6
CCAGTC,3,6
CTTGAG,3,6
AATTTG,3,6
TCTCAG,3,6
CTCAGA,3,6
TAAGTA,3,6
CTTTGA,3,6
CAACCA,3,6
CCTCTC,3,6
TGTGAC,3,6
GCTGCT,3,6
ATTGTG,3,6
ATCAGG,3,6
CCGAGA,3,6
CAAGAA,3,6
TTCCTG,3,6
GGCCTC,3,6
AGCTTT,3,6
TTCCCC,3,6
GGCCAT,3,6
AGTAGC,3,6
TTCAAT,3,6
ACTTTC,3,6
CTGTCA,3,6
GTTTAC,3,6
ACCTCA,3,6
TGATCA,3,6
TCCTAG,3,6
TACAAG,3,6
GGTAAA,3,6
TGTACA,3,6
CTTTGT,3,6
GTATGT,3,6
CAAGCA,3,6
GTACCA,3,6
GCCTTC,3,6
CCCCAA,3,6
CCTATT,3,6
CCAGAA,3,6
CTTCTA,3,6
GGAGTG,3,6
TCACTC,3,6
TCTCAC,3,6
AGAGAT,3,6
CCAGGC,3,6
CTCAAG,3,6
CTTGGC,3,6
GATCCC,3,6
CATCAT,3,6
GGGCCA,3,6
TAGCTA,3,6
AATCCT,3,6
GATCAT,3,6
GTTGCA,3,6
TATTAG,3,6
GGCTAC,3,6
ATAGAT,3,6
CTGATG,3,6
TGGGCC,3,6
TTAATG,3,6
TCAAGT,3,6
GCTGCC,3,6
GTCAAT,3,6
TTTGGA,3,6
AAGTTA,3,6
GAGTAA,3,6
GATAAT,3,6
AATTGA,3,6
AGTGGC,3,6
CCTCGT,3,6
TACTGC,3,6
TCCCAT,3,6
ACTGTG,3,6
GTAATG,3,6
CTCCCT,3,6
TGATGG,3,6
TGCTGC,3,6
AGCAAT,3,6
TTCCCA,3,6
TTGATG,3,6
TTGAGA,3,6
GCCTCC,3,6
TTCACC,3,6
TCCTGA,3,6
CTTTGC,3,6
TGTTAG,3,6
TTCTAG,3,6
GTCTAG,3,6
TATGGT,3,6
TTTTGC,3,6
TTGCCT,3,6
CTCTGT,3,6
TCCATA,3,6
TAACTG,3,6
GATTTC,3,6
GCTGAA,3,6
CATACT,3,6
GTCAGT,3,6
GTACTA,3,6
GGCATC,3,6
CCACCA,3,6
AGCAAG,3,6
AATGGT,3,6
AGTAAT,3,6
CTTGTA,3,6
TTGCCA,3,6
GCACTT,3,6
CTTAAG,3,6
CTCTAT,3,6
ATCAAG,3,6
AAGTCA,3,6
CAAGGT,3,6
AGCCTT,3,6
AAGCAG,3,6
ATACTC,3,6
TTAGGA,3,6
CACTGG,3,6
GACCTT,3,6
CAAATA,3,6
TCAACT,3,6
TGTTAC,3,6
AATGCT,3,6
TTAATC,3,6
ACTATT,3,6
TTAACC,3,6
GTTCAG,3,6
CTGCAG,3,6
GCCTAG,3,6
TGCATG,3,6
CTGGTT,3,6
CTTAGA,3,6
TCTACA,3,6
ATTTCC,3,6
GTATCA,3,6
GGAAAG,3,6
TGCACC,3,6
TTACTC,3,6
GATGTA,3,6
TAGGTG,3,6
GCATGC,3,6
CTGTTC,3,6
ACTCAT,3,6
AGATCA,3,6
AAATCA,3,6
TGTGAG,3,6
AAGGTG,3,6
TCCAGG,3,6
GATTAA,3,6
AGACGC,3,6
ATAAAG,3,6
GTAAGT,3,6
CATCTG,3,6
GATTGT,3,6
GTATTTA,3,7
ATGTAAA,3,7
GTCTGAA,3,7
TAATCTG,3,7
TGCAGCC,3,7
TAATCCC,3,7
GAGGCCG,3,7
GCTGGGT,3,7
GCTGGGA,3,7
TGGACAC,3,7
TGCCTCT,3,7
TGGGGAG,3,7
CTGTTTT,3,7
TAAAAAG,3,7
TTAAATA,3,7
ATGAAAT,3,7
AGTATTC,3,7
TGGTCTT,3,7
AGGCTGA,3,7
ATCATCA,3,7
TATGGCA,3,7
TATTGGA,3,7
GACATTT,3,7
ACTGTTA,3,7
AATAGAA,3,7
CCTTATT,3,7
TTATTTC,3,7
AGTGATT,3,7
CATTTTC,3,7
ATTAATT,3,7
GTTTTAA,3,7
CAATTTT,3,7
GATAGAT,3,7
TTTATAT,3,7
TTGCACC,3,7
GTGACAA,3,7
CATTTGT,3,7
AGTGTTT,3,7
CTCTGCT,3,7
AAACAAA,3,7
TTCCTAT,3,7
ATATTTT,3,7
CTTTATT,3,7
TCAAAAC,3,7
AGTAACA,3,7
CAACCTC,3,7
GGATTAC,3,7
AGGCATG,3,7
AGGCTGG,3,7
ACAGGCA,3,7
TGGGCCA,3,7
ATTAAAT,3,7
TTTTTCA,3,7
TACAGCA,3,7
CTTGAAT,3,7
TGGAGTG,3,7
AGCCTCC,3,7
GCCCGCC,3,7
ACCATGC,3,7
ATTTTTT,3,7
CATGTTA,3,7
TGACCTC,3,7
ATTACAG,3,7
TCACCCA,3,7
GCAGCCT,3,7
GCCACTG,3,7
AATGAAA,3,7
TATTTTG,3,7
AGATATT,3,7
TTGTTTC,3,7
GATATTT,3,7
AGACATA,3,7
TGTTCTA,3,7
GATTTTC,3,7
AAGTGTT,3,7
TTTGATG,3,7
TTGGTTG,3,7
TAAAACA,3,7
TGAGATT,3,7
TGGTAGT,3,7
GGCTCAC,3,7
CAGGAGA,3,7
TCGAGAC,3,7
ACCCCGT,3,7
AATTAGC,3,7
GCTGAGG,3,7
TTAAAAA,3,7
CTGGAAA,3,7
CCTCTTT,3,7
TCCTGTA,3,7
TTCTTGA,3,7
GGCTCAT,3,7
TAGCTTT,3,7
GATTCTT,3,7
TCCTGGG,3,7
AGGAGAA,3,7
TGTAGTC,3,7
ATCACTT,3,7
AGTGAAT,3,7
ATTACTA,3,7
TACTGCA,3,7
ATTGATT,3,7
AAGTAAA,3,7
ATAGTAT,3,7
TTATAGT,3,7
TTCAGAA,3,7
TTGTGAA,3,7
ATGGTGG,3,7
CTGTAAT,3,7
CCCAGCA,3,7
AGGTTGC,3,7
TTTTCCT,3,7
ACTGTTT,3,7
TTAGAAT,3,7
ATTTATT,3,7
GTATATT,3,7
AAGTTTG,3,7
AAAATTG,3,7
CTTGCTC,3,7
CTTAAGA,3,7
TTTGGCA,3,7
TTCTTCT,3,7
CTTTTCA,3,7
GATCTTT,3,7
AAGAATA,3,7
CATGACC,3,7
TAAATGG,3,7
AGTGAGA,3,7
TGAAATG,3,7
TCTTTAG,3,7
AAAGGAT,3,7
AGACAAT,3,7
TCCCAAC,3,7
ACTGTAT,3,7
AATATAG,3,7
TTATTTA,3,7
TAATATG,3,7
AATTTGA,3,7
AAAAGTC,3,7
TAATGCT,3,7
AACTGGT,3,7
TATTGAA,3,7
TCAATCT,3,7
GCAGTGG,3,7
AAATACA,3,7
CACTGCA,3,7
GGCAACA,3,7
CAAAAAT,3,7
CTACTCA,3,7
GAGGATC,3,7
CTGTCTC,3,7
TTATAAA,3,7
AAAATTT,3,7
TTTAAGA,3,7
TATGAAG,3,7
TGGGAAA,3,7
AAATGTA,3,7
TTCTTAG,3,7
TGTTTAT,3,7
AATTACA,3,7
GCTCCTT,3,7
TTTCAGA,3,7
GATCACT,3,7
GAAAAGA,3,7
ATATGTA,3,7
AAAAAAG,3,7
TTCATTA,3,7
CCCAAAT,3,7
ACAGTTT,3,7
TAAAAGT,3,7
AGATATG,3,7
TTTTAAG,3,7
TAGTCCC,3,7
CCGAGAT,3,7
CTCTACA,3,7
TGTAACA,3,7
AGGAATT,3,7
AGGTTCA,3,7
TAGCTGG,3,7
GGCCAGG,3,7
CTCAGCC,3,7
GGCGTGA,3,7
AGCAAAG,3,7
TTTAAAT,3,7
TGTTTTG,3,7
ATATAAA,3,7
ATTTAAT,3,7
AATGTTT,3,7
CCAATTT,3,7
ATACACA,3,7
AACAAGT,3,7
TTAATAA,3,7
GTGAGCC,3,7
AAATAAA,3,7
CCAGGAG,3,7
GAATTAT,3,7
CAAAGAA,3,7
ATGAACT,3,7
AAGAAGC,3,7
TATATGA,3,7
TTTTGGT,3,7
TTTGAAT,3,7
AAAATAC,3,7
AAAGGAA,3,7
ATAACAT,3,7
ATTTGAG,3,7
AAAAAGT,3,7
AATGAGA,3,7
AATAGCT,3,7
GTTTTAC,3,7
TTACTTT,3,7
TTACATT,3,7
TTTTTCC,3,7
TAAAATT,3,7
AAATTTA,3,7
CTTCTTT,3,7
TGGTGCA,3,7
AATATTT,3,7
GCCAATT,3,7
AAATGTC,3,7
ATTAAAA,3,7
ATTCTTT,3,7
ATTGTTA,3,7
AGAAAGC,3,7
AAAGTCA,3,7
TTTTTGC,3,7
CTCAAAT,3,7
TAGATAA,3,7
CCCAGGA,3,7
GTGGCGC,3,7
AGCTACT,3,7
GCCCAGG,3,7
CATGGTG,3,7
CCTGTAA,3,7
ACTTTGG,3,7
GCCGAGA,3,7
ACTGCAC,3,7
TATATAC,3,7
TGTGTTG,3,7
AGAATGT,3,7
ACAGAGG,3,7
CTTTCAT,3,7
AGCAGAA,3,7
ATCCTTT,3,7
TGTCTCT,3,7
TCTCATT,3,7
TGATTCC,3,7
TTCTCTT,3,7
TTCCAGT,3,7
TTAGATA,3,7
AATTTCT,3,7
ACAAAAA,3,7
CCCATTC,3,7
TTCTACA,3,7
GCTCCCA,3,7
CTGGAGT,3,7
TGAGACA,3,7
TAATTTT,3,7
AAACTCC,3,7
CTCCCAA,3,7
AGTGCTG,3,7
CACACCC,3,7
CATCAGG,3,7
AGCCACC,3,7
AATCACT,3,7
CACTTTA,3,7
TAGGCAT,3,7
AATCAGA,3,7
CATCATT,3,7
CACTGGT,3,7
TCCCAGT,3,7
GGAATTG,3,7
TGTATAA,3,7
ATGCTGT,3,7
TGCTGTG,3,7
TAATTAC,3,7
GCTGGTC,3,7
TGAAGCA,3,7
AAAATAG,3,7
GCATTTA,3,7
ATGCTAA,3,7
TTAAACT,3,7
TTTTATG,3,7
ACCACAT,3,7
GCATCTG,3,7
AGTCTTC,3,7
TTTTGAG,3,7
ATGGAGT,3,7
TGTTGCC,3,7
TCTCCTG,3,7
TCTTTTG,3,7
ATTTCTC,3,7
TTTAATT,3,7
AGAGTAT,3,7
CTCAGTT,3,7
TTGTCAT,3,7
TGTGTAT,3,7
TTTAATG,3,7
TTTGTGT,3,7
AGGAAAC,3,7
ATTATAG,3,7
TCATTTG,3,7
TTAATTT,3,7
CCTTTGG,3,7
TTTCCCA,3,7
TTTTTGA,3,7
CCACAAA,3,7
TGATTAC,3,7
ATAAAGT,3,7
CTTAGAT,3,7
AAAAGTG,3,7
CAGCTTC,3,7
TTTATAG,3,7
CTTAATT,3,7
TTAAAAT,3,7
AACATTT,3,7
CCATTTT,3,7
CTCTGTC,3,7
CTTAGAA,3,7
TATGTAT,3,7
TTAGGTT,3,7
TCCTTAA,3,7
AGTTTCT,3,7
TGCACTC,3,7
CAAAATC,3,7
CAGATAA,3,7
TGAGGTA,3,7
CCTGCCT,3,7
CAGCCTC,3,7
CATACTG,3,7
GGAAAATG,3,8
AAATTAGA,3,8
TATTTTTA,3,8
TATATTTA,3,8
CTTAAATT,3,8
ACAACATT,3,8
TTTTTGTT,3,8
TCTTTTTG,3,8
CTGCAACC,3,8
AAGCAATT,3,8
TCAGCCTC,3,8
TAAATTGA,3,8
TTTTTTCA,3,8
GGATTACA,3,8
TGGAGTCT,3,8
GCTCACTG,3,8
GTAGCTGG,3,8
TTTTTGTG,3,8
TCTCAAAC,3,8
TCAGGTGA,3,8
ATCCATTT,3,8
AGAATTTT,3,8
TTGTGCCT,3,8
AGGCTGAG,3,8
AACCCAGG,3,8
ATTTTGTT,3,8
GCATGGTG,3,8
CCAGCACT,3,8
CAGCCTGG,3,8
TATATGTG,3,8
TAAAACAT,3,8
AAATTATT,3,8
TATTTATT,3,8
TAAAATAT,3,8
AAATACAA,3,8
AAATAATT,3,8
AAAATATT,3,8
TCAAAAAA,3,8
TAATCCCA,3,8
TTAGTAGA,3,8
TTAATTCT,3,8
ATGTTTGT,3,8
AAAAATAA,3,8
GTGGTGGG,3,8
TATATATG,3,8
TTTTTATG,3,8
TGTAATTT,3,8
CCACTGCA,3,8
AAAGCAAG,3,8
TTTGGGAG,3,8
AAAGTTTA,3,8
TAAATGAA,3,8
AATTCTCC,3,8
TTTCTCTT,3,8
AATTAAAA,3,8
CAATTTTT,3,8
TGAGACAG,3,8
TTCCCACC,3,8
ATTAAATG,3,8
AATTGATT,3,8
GGATCACT,3,8
GAAAAAAA,3,8
TTGGGAGG,3,8
AAAAAAAT,3,8
ATAATTAC,3,8
AAAATAAC,3,8
ATTTTTGT,3,8
CTGATGAT,3,8
AAAAGTGT,3,8
TTTTACTT,3,8
CATTTATT,3,8
ATTAGTGG,3,8
TTGTAATC,3,8
GCAGAGGT,3,8
TGCACTCC,3,8
TGGAGTGC,3,8
TTTCTTTT,3,8
AAAAATAC,3,8
GTCTCAAA,3,8
CTCACTGC,3,8
TGCCTCAG,3,8
AATTACTGT,3,9
TGAAACCCC,3,9
TTCAAGCAA,3,9
CTCAGCCTC,3,9
TTTTGTATT,3,9
CTTTTTTTT,3,9
CAAATTTTT,3,9
GTAATCCCA,3,9
CACACACAC,3,9
CAAAAAAAA,3,9
AAAAAAAGA,3,9
TTTCATTTT,3,9
GGAAAGAAA,3,9
ACTCAGGAG,3,9
CTTGAGCCC,3,9
GTGGCTCAT,3,9
GCCCAGGCT,3,9
TGTATTTTT,3,9
GAAAAAAAT,3,9
TTTTTGAGA,3,9
AATATATTT,3,9
TGGCTCACA,3,9
CCTGTAATC,3,9
GGGAGGCTG,3,9
TTTTTTCTT,3,9
CCTCAGCCTC,3,10
GGGATTACAG,3,10
TAGTCCCAGC,3,10
CCACTGCACT,3,10
CCAGCCTGGG,3,10
AACCCTGTCT,3,10
CTCAAAAAAA,3,10
TTTTTTTTTC,3,10
CAGCCTGGCC,3,10
GCTAATTTTT,3,10
TTTTTTTGAG,3,10
TTTTTTTTTTC,3,11
TCCCAAAGTGC,3,11
TGGGATTACAG,3,11
CCTGGGTGACA,3,11
ACACACACACA,3,11
ACTCAGGAGGC,3,11
TTGTATTTTTA,3,11
TGCCTCAGCCTC,3,12
TGTATTTTTAGT,3,12
CACTCCAGCCTGG,3,13
AAAAAAAAAAAAA,3,13
TGTATTTTTAGTA,3,13
AAGTGCTGGGATT,3,13
TGTATTTTTAGTAG,3,14
CACACACACACACA,3,14
CACACACACACACACA,3,16
CAGCACTTTGGGAGGCC,3,17
TTTTTTTTTTTTTTTTT,3,17
TTTTTTTTTTTTTTTTTT,3,18
TTTTTGAGATGGAGTCTCG,3,19
CCTGCCTCAGCCTCCCGAG,3,19
CGGA,2,4
AACG,2,4
CCGTT,2,5
GCGAG,2,5
ACGAT,2,5
GGCCG,2,5
GTCCC,2,5
CGGGG,2,5
GCGGG,2,5
GTTCG,2,5
GGCGA,2,5
GGACG,2,5
TACCG,2,5
CACGC,2,5
CGCAC,2,5
CGGCG,2,5
GCCGT,2,5
GGAGC,2,5
GGGCT,2,5
GGTCG,2,5
GAGCG,2,5
GGGGG,2,5
CGGGC,2,5
GCCCC,2,5
TGCGT,2,5
CCGCT,2,5
GGTCC,2,5
CGGCT,2,5
CGACA,2,5
CGATG,2,5
GTCGT,2,5
GGGAC,2,5
GTACG,2,5
GCCCG,2,5
CCCGC,2,5
CGTCA,2,5
GACGG,2,5
TAGGG,2,5
CGTGT,2,5
GCTAG,2,5
AGAGC,2,5
CGGAT,2,5
CACGA,2,5
TCGAG,2,5
ACGGT,2,5
CGTTT,2,5
GGGCG,2,5
CTGCG,2,5
GATCG,2,5
GCATC,2,5
GCCGA,2,5
ATCGA,2,5
CGCTC,2,5
CCGGA,2,5
TTCGC,2,5
AACCG,2,5
AGCCC,2,5
CTATC,2,5
ACGTA,2,5
ACGAG,2,5
CGAGG,2,5
CGTGC,2,5
GACGT,2,5
CCGTC,2,5
GTCAA,2,5
CTCCG,2,5
ATACC,2,5
CGCCT,2,5
GAACG,2,5
CCGAA,2,5
CCCGA,2,5
ATTCG,2,5
ACCGC,2,5
GCCCT,2,5
ACAAC,2,5
CCGTG,2,5
CGAAG,2,5
TACGA,2,5
CGGGA,2,5
CGCCC,2,5
AAGCG,2,5
CGCTG,2,5
CGAGT,2,5
CGTAT,2,5
GTCGC,2,5
GCACG,2,5
AGGACC,2,6
TTAAGT,2,6
TCCAAT,2,6
AGGGAA,2,6
ATTACT,2,6
GCGAGA,2,6
TCCACT,2,6
AGCTCT,2,6
CCCACG,2,6
CGTCGG,2,6
CTACTG,2,6
CGGGGA,2,6
AGGGGC,2,6
CTCCTC,2,6
AGTAAA,2,6
GGGCGA,2,6
ACTCGG,2,6
CAGTTG,2,6
CTACCA,2,6
GACGGG,2,6
CCATAG,2,6
CGGCCG,2,6
ACGTGG,2,6
CCTCCG,2,6
GAAGCC,2,6
GAGGAG,2,6
CGCCGG,2,6
CGGTGG,2,6
CGCGGC,2,6
CCGCCC,2,6
AGTCAG,2,6
ACTGCC,2,6
TCTGGG,2,6
TGGTCG,2,6
TACCTG,2,6
CATAAA,2,6
GTTACC,2,6
GAGGCA,2,6
GCTGTT,2,6
TCCGAG,2,6
CACAAC,2,6
TTAGTG,2,6
TATGCC,2,6
GATGAA,2,6
CTTAGT,2,6
AGGTGG,2,6
CCTCAA,2,6
AACAAC,2,6
TGTATA,2,6
TAGGGG,2,6
TCAAAC,2,6
CTCAAC,2,6
GTGTAA,2,6
TCAGCA,2,6
TGCTTA,2,6
ATGGCA,2,6
TGAGTC,2,6
CATTTC,2,6
CATAGT,2,6
GCTGAT,2,6
CCTGAA,2,6
GGTACA,2,6
CCTAAT,2,6
GGTACT,2,6
ATTTGC,2,6
TTTCGT,2,6
GTTGAG,2,6
TGAGTG,2,6
GGGAAT,2,6
TGGGTA,2,6
ATCCTA,2,6
AAATTG,2,6
CCTAAC,2,6
TGGGGA,2,6
TATTGG,2,6
TGGTCA,2,6
AGAATA,2,6
TACTAC,2,6
ACAGCA,2,6
GGGACT,2,6
GCATAC,2,6
TTGGAT,2,6
TTCAGT,2,6
GACTTG,2,6
TACGTT,2,6
CTTGGA,2,6
GGTTGG,2,6
AATTCC,2,6
AGAAGA,2,6
GCACCT,2,6
TGTCAG,2,6
ACAACA,2,6
TATTAC,2,6
TTCTTC,2,6
CCGAGT,2,6
GTAGAG,2,6
ACCTTG,2,6
GAATGT,2,6
CCTTGA,2,6
TCGCTG,2,6
TCTCGG,2,6
GAGTAG,2,6
CTACAG,2,6
GCGCCC,2,6
AGAGAC,2,6
GGGGTT,2,6
CCAGGA,2,6
CCTGAC,2,6
CCGCCT,2,6
GGATTA,2,6
GGAATA,2,6
TCCCGA,2,6
GGGATA,2,6
ACCATA,2,6
CGGGGT,2,6
GTGTTA,2,6
CTTCAG,2,6
GGTCAT,2,6
ACTTAA,2,6
AGTTAC,2,6
TAACAC,2,6
ACATTG,2,6
GCTAGA,2,6
ACTGAA,2,6
CATTCA,2,6
CTTGTT,2,6
CATACC,2,6
GTTAGC,2,6
GATCTT,2,6
GACTAA,2,6
CTGTGT,2,6
AAGAGG,2,6
ATTGCC,2,6
TCATCT,2,6
TTTATC,2,6
AGCTAC,2,6
TGCAAA,2,6
GAAGAC,2,6
ACTAAA,2,6
TTGATC,2,6
GTGTCA,2,6
ATCTAC,2,6
GTGGCA,2,6
AAGTGT,2,6
GTGCCT,2,6
TGAGTT,2,6
TAGGCT,2,6
AGTGCC,2,6
GCATCC,2,6
GTAGAT,2,6
GACCAT,2,6
GTGGGA,2,6
GCCGGG,2,6
GGCTCA,2,6
CGCCTG,2,6
AGGCCG,2,6
GCGGAT,2,6
AGATCG,2,6
GTCCCA,2,6
CGGGAG,2,6
GACTAC,2,6
TCAGTG,2,6
CCCTTT,2,6
ATGGCT,2,6
AGTACC,2,6
ACAACT,2,6
TTTAGC,2,6
GATCAA,2,6
CTAGTG,2,6
AGTCCA,2,6
CTGGAC,2,6
ACAGTT,2,6
GAAGTA,2,6
AAGCTG,2,6
TGAGAG,2,6
ATGAGA,2,6
ATATCC,2,6
TGCTCC,2,6
GCACTC,2,6
CTGAAT,2,6
GTTCTC,2,6
CCCATT,2,6
CTTTCG,2,6
GAGGCC,2,6
GGTAGG,2,6
GTGCCC,2,6
GCAAAA,2,6
AAGGCC,2,6
GCAACT,2,6
CTTCCC,2,6
TTTAAC,2,6
CATGAT,2,6
CCATGG,2,6
CATATG,2,6
TTCCAC,2,6
CTGGAT,2,6
AATTGT,2,6
TGAGGG,2,6
CATGAC,2,6
TCTGGA,2,6
GGTGAT,2,6
GGCTCC,2,6
AGGTCC,2,6
GAACCC,2,6
CAAGCT,2,6
CCTGCT,2,6
GGGGGA,2,6
GGCCAC,2,6
AGGGTC,2,6
CCCAAC,2,6
TACAGC,2,6
AAGAGT,2,6
TACATC,2,6
AATGCC,2,6
GAGAGG,2,6
GTCTGT,2,6
ACAGCC,2,6
TGCCCT,2,6
AGTAAC,2,6
CCAGGG,2,6
AAGTCT,2,6
CTCTGC,2,6
CTGAAA,2,6
GGTGGA,2,6
AGCCCT,2,6
TATGAG,2,6
ATACTA,2,6
CCCCTA,2,6
ATCCAT,2,6
ATTCCA,2,6
AAAGGT,2,6
AGTCAA,2,6
AAGTCC,2,6
TCATAC,2,6
CCTGTG,2,6
AGATGC,2,6
AGCGAG,2,6
TGCTAC,2,6
GCTTCC,2,6
AGGTAA,2,6
GTAGTA,2,6
GAGTCA,2,6
CCAAAT,2,6
TCCTAA,2,6
GAACAA,2,6
GGCCGG,2,6
TAGATC,2,6
GATTGA,2,6
GGTGAA,2,6
GGTGCG,2,6
CACCTG,2,6
TAGTTC,2,6
CAGCTA,2,6
AGAGGT,2,6
TGCACT,2,6
TGCCAT,2,6
GAGCCT,2,6
TCAAGG,2,6
CTATGG,2,6
TGAACC,2,6
TGGTTA,2,6
CATGAA,2,6
TTATAC,2,6
CTTAGG,2,6
GAATAA,2,6
GGCAGA,2,6
TAAGAG,2,6
CAAGTC,2,6
GCAAAG,2,6
TACTTA,2,6
AGACAC,2,6
TGGAAT,2,6
GGGTTC,2,6
CTCACC,2,6
TGCTGA,2,6
CCTTTA,2,6
GTCCCC,2,6
TTCCAG,2,6
GGGGTA,2,6
TCTCCA,2,6
TAATGA,2,6
ATCTTC,2,6
CATCCA,2,6
AAAGAC,2,6
AACAAT,2,6
CTATGA,2,6
GACTGC,2,6
GAGATG,2,6
TAAGAC,2,6
ATTGTC,2,6
ATGGTA,2,6
ATCAGC,2,6
CAGACT,2,6
TTGCTG,2,6
GCTACC,2,6
AGGATA,2,6
GGACTC,2,6
CATTCC,2,6
TAACAG,2,6
TAGTCA,2,6
AGGTTA,2,6
ATGTAC,2,6
TCACGC,2,6
CCCGTC,2,6
CATCTA,2,6
TGGCGT,2,6
ACTGGG,2,6
AGCCCA,2,6
CGAGAC,2,6
TAGCCT,2,6
CTACAA,2,6
GGTTGC,2,6
ACTCCA,2,6
GAGCAA,2,6
GTCTCA,2,6
TTGTAC,2,6
TGCAAC,2,6
CACACT,2,6
TTGACC,2,6
CACCTC,2,6
TGCTGG,2,6
GAGCCA,2,6
GGAAGA,2,6
ATACTG,2,6
CAAATC,2,6
CTACAT,2,6
GCATAT,2,6
TCAGAC,2,6
ACTTAT,2,6
TATGGA,2,6
TCCATG,2,6
TGCCTA,2,6
ACCAGA,2,6
ATCTGA,2,6
TATCAT,2,6
GCAATG,2,6
TGACAC,2,6
AGGACA,2,6
TTATCC,2,6
ACAATG,2,6
ATACCA,2,6
AATATC,2,6
ATAGCC,2,6
GAGCCC,2,6
CTATCT,2,6
GGAGAA,2,6
AGCCAT,2,6
TATAGA,2,6
CAGTGT,2,6
TATTCA,2,6
GAATAG,2,6
CTGGGG,2,6
AGATGA,2,6
ATCAAA,2,6
AAAGTC,2,6
TTGGTG,2,6
ACTGGA,2,6
ATTTAG,2,6
ACTAGT,2,6
CTAAGT,2,6
GTATTG,2,6
CTGAGT,2,6
CAACTT,2,6
AATGGG,2,6
ACTCTG,2,6
TAACTA,2,6
TATCTA,2,6
TCACAG,2,6
CTAGAG,2,6
ATGAGC,2,6
GCACAG,2,6
GCCAAT,2,6
AGGTAC,2,6
TCGCTT,2,6
CACCCT,2,6
GCAGTC,2,6
GCTTGT,2,6
ACTGTT,2,6
GTTGGT,2,6
AACACA,2,6
GCCCCT,2,6
ATACTT,2,6
GCTTTG,2,6
TCAATG,2,6
TTGCAT,2,6
GCTTTA,2,6
TAACCT,2,6
CAAATT,2,6
ATGATC,2,6
GGGTCA,2,6
CATGCC,2,6
ATTGCA,2,6
GGCCTG,2,6
CGAGGT,2,6
GAAACC,2,6
TTAGCT,2,6
CTACTT,2,6
GATACT,2,6
TCTATG,2,6
GCTCTT,2,6
AGCAGG,2,6
GGACTA,2,6
GCCTAC,2,6
TGTTGT,2,6
GAACTC,2,6
TAGAAC,2,6
CTAGAT,2,6
ACCTTC,2,6
AAGCTT,2,6
AGCCTA,2,6
ACACCA,2,6
CTCCTT,2,6
TCCTAC,2,6
TGTTGG,2,6
GCTCAA,2,6
CTTTCC,2,6
GTGTCC,2,6
AACAGC,2,6
AGCAGC,2,6
ACAGAA,2,6
ACCTGC,2,6
ATATCT,2,6
GATAAC,2,6
TCACAT,2,6
AAGTAG,2,6
TGAACA,2,6
AACTAA,2,6
TCTTGG,2,6
CGAAAT,2,6
GTGTCT,2,6
GGTCTC,2,6
TACCAA,2,6
AACAGG,2,6
ACTCTA,2,6
GGCTGA,2,6
GGAAAC,2,6
AACTAC,2,6
GTTGTT,2,6
CATAAT,2,6
GATTCT,2,6
GCACAC,2,6
ACCTGG,2,6
GAGGTT,2,6
AAGTGC,2,6
ACACCC,2,6
TTGGAG,2,6
GGACAG,2,6
CAAATG,2,6
TATCAG,2,6
TCTTCC,2,6
CATCAG,2,6
GCTGTG,2,6
AACCAG,2,6
CTAGTA,2,6
GCATTC,2,6
CTCATT,2,6
CACCCC,2,6
AGTCAC,2,6
ACTGGT,2,6
GGTAAC,2,6
TTCTCT,2,6
CAGAAT,2,6
TAGGTT,2,6
TGCAGA,2,6
TCCCTG,2,6
TGATAG,2,6
AACCTC,2,6
ACATTC,2,6
ATGTGG,2,6
CCCACA,2,6
CTTGGT,2,6
TGTCCT,2,6
AAGGAC,2,6
CACTTA,2,6
AGATAT,2,6
TAATAC,2,6
GTAGGC,2,6
CTGGAA,2,6
AGGTGC,2,6
CTCTTA,2,6
CTGGCC,2,6
ATCATG,2,6
AGAATC,2,6
ACCCGG,2,6
AAGGGC,2,6
GTCATC,2,6
GAGGAT,2,6
GATATG,2,6
CATGCA,2,6
GTTTCC,2,6
CGATCT,2,6
GTGGTT,2,6
AAGCTA,2,6
CAGTAT,2,6
TACTTG,2,6
ATTACC,2,6
AGTCTT,2,6
ACCCTA,2,6
TACCAT,2,6
CAGGGG,2,6
TTGGCA,2,6
CACAAT,2,6
TTAGAT,2,6
CCTTCC,2,6
CATTAG,2,6
TAGGAT,2,6
AAAGGA,2,6
GTATTC,2,6
ACAAGC,2,6
GATAGT,2,6
TCTATT,2,6
AGAACT,2,6
GCATCT,2,6
GTTACT,2,6
CTGACT,2,6
ATTAGT,2,6
TTGCGT,2,6
CTGGAG,2,6
CTCCGC,2,6
AGTGCT,2,6
ACAAGT,2,6
GTCAAA,2,6
TATAGG,2,6
TGTTGC,2,6
TCTTAC,2,6
ATCCTT,2,6
ATTGTT,2,6
TGTATC,2,6
TGTACC,2,6
TGCCTT,2,6
GCAGTA,2,6
GAATGC,2,6
TTTGGC,2,6
TTTGAC,2,6
GCCCAT,2,6
TGTCAT,2,6
CCATAA,2,6
TGTGTA,2,6
CCACAT,2,6
TGAAGA,2,6
AGTTTA,2,6
GTGCGG,2,6
TGGCCT,2,6
CCATGC,2,6
AGCCAC,2,6
CTTCTC,2,6
TACAAT,2,6
AGCATC,2,6
TTGTGC,2,6
ACATGT,2,6
TAAGCA,2,6
GCTAGG,2,6
GATGCT,2,6
CTAATG,2,6
AGTAGT,2,6
CATTTG,2,6
GTACTT,2,6
TTCCTC,2,6
TCTGAT,2,6
GTTTGC,2,6
AATACT,2,6
CTGGTG,2,6
TACAGA,2,6
GACCAA,2,6
TCAAAG,2,6
GAGATT,2,6
ATTGAT,2,6
GTGGAT,2,6
TGGGTC,2,6
GAATCC,2,6
TGTGAT,2,6
ATCGTC,2,6
GGGGAT,2,6
CAAAAC,2,6
TATCGA,2,6
AGTACT,2,6
CAGCCG,2,6
CAACTA,2,6
CCTATA,2,6
GCATAA,2,6
TAGCTG,2,6
ACAAGA,2,6
CCCCAT,2,6
TCCTTA,2,6
GATGAG,2,6
ACCTAG,2,6
CAAACA,2,6
GTTGGG,2,6
ACCAGT,2,6
CAGCTC,2,6
GTTATA,2,6
CCTTCT,2,6
TAAACC,2,6
TCCTGC,2,6
CATTAC,2,6
CCATAT,2,6
AGCTGC,2,6
ACTGTA,2,6
CTTGCA,2,6
GGATAC,2,6
GTACAC,2,6
GATGTC,2,6
CAGTGC,2,6
AGAGGA,2,6
TTATAG,2,6
GCCGAG,2,6
CACTCA,2,6
GTAAGC,2,6
TGAGGT,2,6
CCACAA,2,6
ACTATA,2,6
TTGCTA,2,6
TAAGGA,2,6
CCTTAG,2,6
AGTACA,2,6
GAGATA,2,6
GTGCAT,2,6
GGGTTG,2,6
TTGCCC,2,6
AACTAG,2,6
GTCCTT,2,6
GCACAA,2,6
CTATAG,2,6
CCCACC,2,6
CGCCTC,2,6
TAACTC,2,6
ATCTAG,2,6
TACTGT,2,6
CAGATG,2,6
TGGTCC,2,6
GGTGGT,2,6
ATAAAC,2,6
GCTCTA,2,6
ATACAT,2,6
AGATAG,2,6
ACTTCC,2,6
TGGCAC,2,6
GCCTGT,2,6
AGAAGT,2,6
AATAAG,2,6
GCGTGA,2,6
AAGCGG,2,6
GGCATT,2,6
CTTTAC,2,6
ATGGTG,2,6
AAACCC,2,6
CCATTG,2,6
GCAAGG,2,6
TTAGCC,2,6
CGAAGT,2,6
AGGAAC,2,6
TCAAGC,2,6
CTAATT,2,6
AGTGGT,2,6
CGCCCG,2,6
TGACAT,2,6
TGGGAC,2,6
GCTAAT,2,6
GCGACA,2,6
CACATT,2,6
ATGCAA,2,6
TAGATG,2,6
GGTGTT,2,6
ATGAAC,2,6
TGTGCC,2,6
ACCTCT,2,6
ACTACT,2,6
AGTAAG,2,6
AATAGG,2,6
GCCACA,2,6
GTAGAA,2,6
TTTGCT,2,6
ATGGAA,2,6
TCTGCT,2,6
GGTCAG,2,6
TGATCT,2,6
CACGCC,2,6
AAGTTTA,2,7
ACATTAA,2,7
GAATTTA,2,7
AAAAACA,2,7
GAGACGA,2,7
AAAGTGG,2,7
AAACATA,2,7
CCTGCCC,2,7
TCCGCCC,2,7
TACTGTC,2,7
GGCCAGC,2,7
TGCAGTT,2,7
TACTGTG,2,7
ACAGTGG,2,7
ACGGGGT,2,7
TGTGGTG,2,7
CATAGGC,2,7
GTGCGCA,2,7
GTGGCCT,2,7
GGAAGTG,2,7
TCCTGAG,2,7
GGTCAGG,2,7
GTGGGAG,2,7
GGCTGCG,2,7
GGGCCCT,2,7
GTTACCT,2,7
GCATCCC,2,7
TTGGGCA,2,7
ACACAAC,2,7
TGTATTG,2,7
ATTTCCT,2,7
TAATCTC,2,7
AGTAATT,2,7
GTATAAC,2,7
TTCCACT,2,7
CTGAAAC,2,7
CACATAG,2,7
GTTTAGA,2,7
GAACTTT,2,7
GGCCATG,2,7
CTCAACA,2,7
AATAGTA,2,7
TTTTGGA,2,7
TTTGGGA,2,7
AGATTTA,2,7
GTGCTGA,2,7
TGTTATT,2,7
AGATAAT,2,7
TTCAAAA,2,7
CCCCTGA,2,7
CCACTAT,2,7
TTTTGTA,2,7
AGATATC,2,7
TTAGCTG,2,7
CTGAAGG,2,7
ATTTACA,2,7
TAGATAG,2,7
TTGAGAC,2,7
ATTGTAT,2,7
GTGTATT,2,7
TGTGAAA,2,7
TATCCTA,2,7
AGCTTGG,2,7
GAATACC,2,7
TAGTCTA,2,7
AATCCAT,2,7
ACAGCAG,2,7
GTTTAAG,2,7
GGTGGGA,2,7
CATACAT,2,7
CTTGGAT,2,7
TATTAAA,2,7
TAATACA,2,7
GTTGGAG,2,7
ACTTTTC,2,7
ATAATTT,2,7
TATGTTT,2,7
AGCTTAT,2,7
TTATGCA,2,7
ATTTGTT,2,7
TACTTTT,2,7
TTAAAAC,2,7
ATTATGT,2,7
AACAAAG,2,7
GAAATAG,2,7
TGGAGTC,2,7
TCGCTCT,2,7
AAGCAAT,2,7
TCTTCTG,2,7
CTCCCGA,2,7
CGCCACC,2,7
ACGCCTG,2,7
GCTAATT,2,7
CGGGGTT,2,7
TCTCCAT,2,7
CTCCTGA,2,7
CCTTGTG,2,7
ATCCGCC,2,7
CTGCACC,2,7
TTTCAGC,2,7
TAAGTGA,2,7
AAGCTCA,2,7
GAAACTC,2,7
AGATCTT,2,7
CTGCAAG,2,7
TACAGGC,2,7
AGACGGG,2,7
GGAGTCT,2,7
GGCACGA,2,7
TCCTGTT,2,7
CACCTGC,2,7
TTTTGCC,2,7
GGTCTCA,2,7
TGCCTGC,2,7
CTCGGCC,2,7
TCATATT,2,7
TATAGTG,2,7
TATACTA,2,7
ATCTTGC,2,7
TTTAATC,2,7
TAAAGTT,2,7
ATAATCC,2,7
GTCAAAT,2,7
TTTAGTC,2,7
CAGAATT,2,7
ACAGACA,2,7
AGGTAAC,2,7
AGTTAAG,2,7
CACAGAA,2,7
AGTGATA,2,7
GAAAGTA,2,7
AAAATCT,2,7
CTAGAAC,2,7
TGAACAT,2,7
TCAGATC,2,7
ATCATAA,2,7
TGGTTCA,2,7
ACTTGTT,2,7
TATATTG,2,7
AACTGTT,2,7
TTCATGT,2,7
GGGTGAT,2,7
CTTACTT,2,7
GAGACTA,2,7
TGTTACT,2,7
CCCTTAA,2,7
TTTCTCT,2,7
TGATCCA,2,7
CACTTCT,2,7
AATCATC,2,7
ACTGCAA,2,7
AGGTTAG,2,7
TGAAGAC,2,7
AGATGCA,2,7
TCCCTTT,2,7
GAAATTG,2,7
TTTTAAT,2,7
TTTAAGG,2,7
GCAGTGA,2,7
ACATATC,2,7
TACCCAG,2,7
ACAGGTT,2,7
AGTGAGT,2,7
AAATGGA,2,7
CTGGGAA,2,7
AGATTAG,2,7
CCTTTTG,2,7
CTGACAG,2,7
GTAGGGA,2,7
GTAAGTG,2,7
GCATCCT,2,7
ACAAAGT,2,7
AGTAAAA,2,7
TGGTATA,2,7
AGGTAAT,2,7
CAGAACC,2,7
AGATTAT,2,7
CAAAAAG,2,7
GCGCGGT,2,7
GCGGATC,2,7
ACGAGGT,2,7
CATCCTG,2,7
GCTAACA,2,7
CAGCTAC,2,7
GAGGCTG,2,7
CAGTGAG,2,7
GGGTGAC,2,7
AAAAGGA,2,7
AATGTGG,2,7
TTAAGAA,2,7
ATTGAAG,2,7
TATTCTG,2,7
GGAAAAA,2,7
GCTGGAG,2,7
GTCTGAG,2,7
AATGGAG,2,7
TGCTATG,2,7
AATTTGT,2,7
TAAATGA,2,7
CAGAAAC,2,7
GAGAGGA,2,7
ATTGCTT,2,7
GACTACC,2,7
AGTCAGT,2,7
CTGGGGA,2,7
TAAACAC,2,7
AGAGAAT,2,7
AAGTACC,2,7
ATACAGA,2,7
ATTCAGA,2,7
TAGCATT,2,7
ATCTTCC,2,7
ACTATGG,2,7
TTAGCTA,2,7
GTGGAAG,2,7
AATAGTG,2,7
TTGAAAG,2,7
TCACATA,2,7
TCCTGCT,2,7
CCTTACT,2,7
TCTTCAT,2,7
TTTGCTG,2,7
CAAAGGA,2,7
TAAAAGA,2,7
AGGCCAA,2,7
GGCAGGT,2,7
ACATACA,2,7
AAAAGAT,2,7
TGCCAAG,2,7
CTAGTAT,2,7
TGCTTTG,2,7
AGAAACC,2,7
AACTATT,2,7
TAAAGGA,2,7
GCTTTTA,2,7
GTTACTA,2,7
TATATGT,2,7
ATGTGTT,2,7
GATATAT,2,7
ACTTAGT,2,7
TCCCGAT,2,7
AATCTCA,2,7
CAGGCAT,2,7
GATGTAG,2,7
TTCCCTG,2,7
GTCTCAG,2,7
TGAGGGA,2,7
TGAAACT,2,7
TATGTGT,2,7
GAGGAGG,2,7
GTGATGG,2,7
TGGTGAA,2,7
AAAGAGG,2,7
ATGTGCT,2,7
TGAACCC,2,7
AAAGAGA,2,7
TAGGGAA,2,7
AAATGGG,2,7
AAGATCT,2,7
CTTAAAG,2,7
AGAACAT,2,7
TGATGTT,2,7
GTGCTTT,2,7
TGTGTGT,2,7
AGAGTGG,2,7
AGAAGAA,2,7
ATGCCTT,2,7
TCATCTA,2,7
CCAGGGC,2,7
GCAGAAA,2,7
TTTCCCC,2,7
CAAAATA,2,7
AAAGTTA,2,7
TAATAAA,2,7
TGTTCAG,2,7
TTTGATT,2,7
GGAGAAG,2,7
TTGATAC,2,7
TATTATG,2,7
ATGTGTG,2,7
ACTATTT,2,7
TTTCTGA,2,7
ATTCCAA,2,7
TTTTAAC,2,7
TTTTTAG,2,7
TGTTCTG,2,7
CGAGTTC,2,7
ACCTTTT,2,7
TTTACAA,2,7
AAAACAT,2,7
TTCTCTC,2,7
CAAAGTA,2,7
TTGAAGT,2,7
TAAAACT,2,7
TCAAGAA,2,7
ATAGAAC,2,7
CTAATAT,2,7
TAAAAAA,2,7
TTTATCC,2,7
GAACAAT,2,7
AGAAATA,2,7
AAATATC,2,7
AGAAACA,2,7
AAAAGGG,2,7
CTATAAT,2,7
CTTTGGG,2,7
AGAGATT,2,7
TCCAGCT,2,7
CACAGTG,2,7
AGCTGAG,2,7
CTCCAGC,2,7
AGACTCC,2,7
ATCTCAA,2,7
TTGAGCT,2,7
TGGCAAA,2,7
ACCCTGT,2,7
GAAGTGG,2,7
ACCTGAG,2,7
GCTATGG,2,7
CCACTGT,2,7
TGAGACC,2,7
AGAAGGA,2,7
GAATATG,2,7
ATCTAAT,2,7
AATTATA,2,7
ATGAATA,2,7
AGGGGAA,2,7
AATTAAG,2,7
AATGTCA,2,7
TTAGGAA,2,7
TTTAAAC,2,7
AAATCTT,2,7
CTCTTTA,2,7
GATTTTA,2,7
TGATTAT,2,7
GAAGTAA,2,7
TATAATT,2,7
GTTAATT,2,7
TTGAATA,2,7
AATTAGA,2,7
TCTGCTC,2,7
AAGACTT,2,7
CAATTGC,2,7
AAAGGAG,2,7
AACAGTT,2,7
TGGGGGT,2,7
GACACTC,2,7
AGGTTTG,2,7
TGTAGAA,2,7
ACAAAAC,2,7
GTTTTAT,2,7
TGTAGCA,2,7
GAAGAGA,2,7
CACATTA,2,7
AGCATTG,2,7
CATTTAT,2,7
TGCCTGT,2,7
CCAGAAG,2,7
TTTTAGG,2,7
GGCAAAG,2,7
TCTCTTT,2,7
GAACACC,2,7
TTATATA,2,7
TGTAATA,2,7
AGCATTA,2,7
TGTATCT,2,7
TATTTCA,2,7
GTAATGG,2,7
AATCAAC,2,7
ATCATTT,2,7
GAAATGA,2,7
GTTTTGG,2,7
TTAAGAC,2,7
TCATGCA,2,7
ATCATTG,2,7
GATGGTA,2,7
TTTCTTT,2,7
GTTATTA,2,7
GAAGCAT,2,7
TATAATC,2,7
CATTAAA,2,7
CAAATCA,2,7
AGACTGG,2,7
CTACCCA,2,7
AATTTCA,2,7
GTGTGGT,2,7
GGGTGTG,2,7
ATCTATT,2,7
TCAAGTG,2,7
CTCATGC,2,7
AGATTGC,2,7
CAGAAAT,2,7
TAGCCTG,2,7
TAGTGAG,2,7
TTAGCCA,2,7
GGCATGG,2,7
GCTACTT,2,7
GGGAGCT,2,7
ACCATTG,2,7
TCTGTCT,2,7
TCAGATT,2,7
TAGCTAC,2,7
CTTCTTC,2,7
ACCTAAT,2,7
TGGAAAA,2,7
TGTTAGT,2,7
AACTTCC,2,7
GCCACCA,2,7
GGTTTCA,2,7
GCATGTT,2,7
ATAGTCT,2,7
TTGACCT,2,7
CGTGATC,2,7
CGCCCAC,2,7
TCCCAAA,2,7
GTGCTGG,2,7
TTCTTAT,2,7
TGTTCAA,2,7
CAGATAC,2,7
TAGCAAA,2,7
GAAATCA,2,7
GATAAGT,2,7
ATGTTGA,2,7
TTATTAT,2,7
GGAATTT,2,7
TGTCCAT,2,7
TCTGAAT,2,7
AATACAT,2,7
AAATTGG,2,7
TGACAAG,2,7
AAAAGCC,2,7
AAATAAC,2,7
TTTCTCC,2,7
AGTGGCT,2,7
ACATAAA,2,7
AAAAAGC,2,7
TAATTAA,2,7
CATTGGT,2,7
AAGACAA,2,7
GGTGGCT,2,7
CAGCACT,2,7
GGAGTTC,2,7
CCTGTCT,2,7
AGCATGG,2,7
CACTTGT,2,7
CTTGAGC,2,7
GATTGTG,2,7
ACTTCAG,2,7
CCTGGGC,2,7
AAAAAAC,2,7
AAAATGA,2,7
TCTAGAG,2,7
TTGACCA,2,7
AATGACC,2,7
CAGCAGT,2,7
TATACCC,2,7
ATCCATA,2,7
TAAAAAC,2,7
CCAGTGT,2,7
AACTGAT,2,7
AAATGTG,2,7
AAAGATA,2,7
GTTATAT,2,7
AACATGG,2,7
GCAATAT,2,7
TTCCATT,2,7
ACAGATT,2,7
AGTGGTT,2,7
GATCAGG,2,7
GGAGTTG,2,7
AAGTATT,2,7
AGATGAA,2,7
TGTTATG,2,7
TATATCT,2,7
CAGTGAA,2,7
CCTATTT,2,7
TGCAATC,2,7
CAAGTGA,2,7
ATTCTTG,2,7
AACTTGT,2,7
CACTGGA,2,7
TTAGGTG,2,7
GAGAAAC,2,7
AATATTA,2,7
AATCAAA,2,7
TAGAAAT,2,7
ATTATAC,2,7
ATTGATA,2,7
AATGTAT,2,7
TGTCAGT,2,7
TAGACAA,2,7
TAATTTC,2,7
AAAAAGA,2,7
ATGAGAA,2,7
TTACAGA,2,7
TTTTGCT,2,7
TCCCAAG,2,7
TGGGAAT,2,7
TAGTACT,2,7
CATTCTA,2,7
ACTTTGA,2,7
ACCAAAT,2,7
TATGGAA,2,7
GACTATA,2,7
AGAATGG,2,7
AATATCA,2,7
TCTGTAT,2,7
AGTCATG,2,7
TTTTCTA,2,7
GAAGTTT,2,7
TTGTTAT,2,7
AATACTG,2,7
TATATTC,2,7
ATTATAT,2,7
TTATGAA,2,7
ACAGATA,2,7
CAAAATG,2,7
TAACTTG,2,7
TTGTAAA,2,7
AATATAC,2,7
ATGTAAT,2,7
CAGGAAG,2,7
ATGGCTT,2,7
TAGAATC,2,7
TTGTGCT,2,7
GTTGTAA,2,7
TACCACA,2,7
TAACAAT,2,7
TAGATAT,2,7
ATGTGAT,2,7
TAAGAAT,2,7
GGGTCAG,2,7
GCTTGAG,2,7
TGGGCAC,2,7
ATCTCTG,2,7
ACATCTG,2,7
AGTAAGC,2,7
TATGATT,2,7
GCACCAC,2,7
ACTCTGT,2,7
CTCTTAA,2,7
TCCCAGC,2,7
CAGATCA,2,7
AGGAGTT,2,7
GGTGAAA,2,7
CCCCATC,2,7
TCTCAGC,2,7
GGAGGTT,2,7
TCCAGCC,2,7
AGTACCT,2,7
ATTGCAC,2,7
TGCCTAC,2,7
TATTCCT,2,7
GAAAAAA,2,7
GACAATT,2,7
GTAAATT,2,7
TTAAAGT,2,7
TTAGCAA,2,7
CTCCTTT,2,7
GAAGCAA,2,7
GCCAGGC,2,7
TCTGACT,2,7
ACCTCCC,2,7
CCTGCAG,2,7
GCAGTTC,2,7
ATCAGTC,2,7
TACAACC,2,7
TTGAGGG,2,7
TCTGGCT,2,7
CTGCTTT,2,7
CATTGTG,2,7
AACCTAG,2,7
GACTCTT,2,7
TTCATAT,2,7
AACACCA,2,7
ATGTGAC,2,7
CTTTCTG,2,7
CTTTGGT,2,7
TTCACTT,2,7
TCCCCAG,2,7
ATTCCCC,2,7
AAAATTC,2,7
AGTACTT,2,7
ACCCCAC,2,7
CTGTCAT,2,7
GCCACAG,2,7
GCCCAGA,2,7
GAAAACA,2,7
TAAAGGC,2,7
CAAGAAT,2,7
GACCTCA,2,7
AGAAAAG,2,7
GCCAGAT,2,7
GTTTAAA,2,7
TATCTTG,2,7
AATAGAT,2,7
AATTTAG,2,7
AAACAGC,2,7
ATATATG,2,7
CTATATG,2,7
ATAACTC,2,7
ATTAGTG,2,7
TCACAAA,2,7
ATTTTTG,2,7
TTCTAAC,2,7
TTCAGGC,2,7
TCATTTT,2,7
CCTTTTC,2,7
CAAGCAA,2,7
ATTAATC,2,7
TGTGCTG,2,7
ATACAGT,2,7
TTTAACT,2,7
AATTCTC,2,7
TGTATGT,2,7
TAAAGTC,2,7
GTTTTTG,2,7
GTGACAG,2,7
AGTCTCA,2,7
ATCTGTT,2,7
TCAGCTC,2,7
ACCACAC,2,7
TGTGTCT,2,7
ATACTTT,2,7
GAGTCTC,2,7
CCTCCTG,2,7
TCAGCTT,2,7
CATGTTG,2,7
AAGCGAT,2,7
AGGATGT,2,7
TATGATG,2,7
TCCTGAA,2,7
AACCTTG,2,7
GAGTAGC,2,7
TTATGCT,2,7
AATAGCC,2,7
TCTGGAA,2,7
CTTCCCA,2,7
GCATCAG,2,7
CTCTTCA,2,7
TACCAGC,2,7
TCAAAGG,2,7
TATCTAG,2,7
ATGTTTG,2,7
TCATTAA,2,7
CAGATTG,2,7
CATTTAG,2,7
TATTCTC,2,7
TGCAGAA,2,7
GGGCTAC,2,7
ACTGGAA,2,7
CACATAT,2,7
GGCCACA,2,7
CATAAAA,2,7
ATGAATT,2,7
CTGTCCT,2,7
TGTGTAA,2,7
GCATTTG,2,7
AGGCTGC,2,7
CAGCTAG,2,7
ATATGTG,2,7
GTGGTAT,2,7
TGGGAAG,2,7
GTCAATT,2,7
TGCCTTT,2,7
GGAGATG,2,7
AGGGAGT,2,7
AATTGTT,2,7
TCTTTTA,2,7
TAGGCTC,2,7
TATAGGT,2,7
AGTAGGC,2,7
CCCAGTA,2,7
AGATCAG,2,7
GAGTTCA,2,7
CCTGGCC,2,7
CCAGCTA,2,7
AGAGGTT,2,7
TGGTAAA,2,7
TCCACAT,2,7
TAAATTA,2,7
AAGTGAA,2,7
ATCCATT,2,7
CACAGGT,2,7
TGTATGA,2,7
ACATTTT,2,7
TTTGAAG,2,7
TGATGTA,2,7
CTAAAAT,2,7
CAGAGAA,2,7
TCTTGGT,2,7
GTATAAA,2,7
CTAGACT,2,7
TTCACTC,2,7
TTACCCT,2,7
GGGCCAG,2,7
CCTAGGA,2,7
ACAGTGA,2,7
TCTCTAT,2,7
TACAAAC,2,7
GAGATTG,2,7
CTCTAAA,2,7
CATTTTG,2,7
GCAGTAA,2,7
TGATATA,2,7
ATTTTAG,2,7
TGTGAAG,2,7
GTTTAGT,2,7
AAGATTT,2,7
AGTATTT,2,7
GGTTTTT,2,7
ATGATTT,2,7
GCTGCAT,2,7
ATCCAGT,2,7
TTTGCTA,2,7
TACTGCT,2,7
GTCTTTT,2,7
GATGATT,2,7
GTTATTT,2,7
GCTTTTC,2,7
GTAGGGG,2,7
CTGAACT,2,7
CCAATAG,2,7
TTATTCC,2,7
TAGCCAT,2,7
GCAGTTT,2,7
CAGGCTG,2,7
GAGTGCA,2,7
GATCTCA,2,7
GCTCACT,2,7
GCAAGCT,2,7
TTCTCCT,2,7
CCTCCCG,2,7
AGTAGCT,2,7
CAGGCAC,2,7
GTGCCAC,2,7
TTCACCA,2,7
CTTTTTA,2,7
ATAGTTT,2,7
ATAGGTT,2,7
TTCTTTT,2,7
TTGCATT,2,7
TCATCCT,2,7
GTATAGA,2,7
ATTTTCT,2,7
AGTTTGA,2,7
CATTTAA,2,7
TTATTCT,2,7
AGTTTTC,2,7
CCAGCAC,2,7
CATTGTT,2,7
TTGTCAA,2,7
GCAGTAT,2,7
TTTGTTC,2,7
GTATGGA,2,7
TTTATGA,2,7
CTTGTAG,2,7
GGCAAAA,2,7
GGTTTTC,2,7
TACCTGT,2,7
GTGGTGA,2,7
AGAATGA,2,7
TCCTTCT,2,7
GTGCCTA,2,7
ATTGCCA,2,7
TAATTAT,2,7
TTAATTA,2,7
AATTGAC,2,7
CAGACCA,2,7
TGAAGAA,2,7
TATTGAG,2,7
ATTTGGC,2,7
TTGCCCA,2,7
TGCAGGA,2,7
AGCAATT,2,7
ACCACCA,2,7
GAACTCC,2,7
AACCTGA,2,7
TAATAAT,2,7
TATTTAA,2,7
CTGTACT,2,7
CAGCCTT,2,7
ATGTCAG,2,7
CTAAAAA,2,7
TGGTTTA,2,7
CTAATAA,2,7
TCATAAG,2,7
TGATGAT,2,7
TTGTGGG,2,7
AGTAATA,2,7
CAGCATC,2,7
CTTATCA,2,7
TTTATTC,2,7
GTCACAT,2,7
ATCCTGG,2,7
GGTGGTT,2,7
TTTACTT,2,7
AATGTGC,2,7
TGTTTTC,2,7
CAGTGTG,2,7
TATTCAT,2,7
AGTTGTG,2,7
GGGTAAG,2,7
ATGGTCT,2,7
AGAGACA,2,7
GTGTTTG,2,7
TATAAAG,2,7
AGATCTC,2,7
TATATAA,2,7
TACTTCA,2,7
CAATCAC,2,7
TGCAATT,2,7
GAGGAAA,2,7
GCTTATT,2,7
GCTTTTG,2,7
TTCTGGT,2,7
CTTCGTG,2,7
TGCTATA,2,7
ACACAGG,2,7
GGTCTTG,2,7
TAACAAA,2,7
AAAGCAA,2,7
AGCATTT,2,7
TGTCATT,2,7
TTAAGGT,2,7
ATTTCAC,2,7
CCTTAAT,2,7
AAACAAG,2,7
ATTTAAA,2,7
TATTATA,2,7
ACTGTGA,2,7
TAAATTT,2,7
CTCAGGC,2,7
GAATCAA,2,7
TTATCTA,2,7
AGTCTTT,2,7
CAAATTC,2,7
AAAACAA,2,7
CAAGACC,2,7
CCATTTC,2,7
TCATTGA,2,7
TAATATA,2,7
GTAATAA,2,7
ACCTAGA,2,7
AACTTTT,2,7
CAGGTTC,2,7
AGTTTTT,2,7
AAATGAC,2,7
TAGCTAT,2,7
TCTTCTT,2,7
TGTTATA,2,7
TAATATT,2,7
TTCCTAA,2,7
CATGGAA,2,7
TTTAAGT,2,7
GCTTAGT,2,7
CCTTCTT,2,7
GTGATTA,2,7
AAGATTA,2,7
TTCAGAT,2,7
ATACAAA,2,7
TACTGTT,2,7
AGCCTAG,2,7
TCTGTAA,2,7
TTAGAAC,2,7
GTACACA,2,7
TGTAAAA,2,7
TGCCACC,2,7
GAAGCTG,2,7
AATATAT,2,7
TCATTTC,2,7
CAGTGAT,2,7
ATAATAA,2,7
ATCTCAT,2,7
AATATTG,2,7
CTTTTGA,2,7
TTTGAAA,2,7
AACATAT,2,7
TCAAGTC,2,7
TGTATCA,2,7
AGGAGGC,2,7
TGCCACT,2,7
GCACTCC,2,7
TGTAGTA,2,7
AGAAATG,2,7
GGGCGAC,2,7
GATTTTT,2,7
CATGGGA,2,7
GGCTGAG,2,7
TGGGAGA,2,7
TTGACTT,2,7
CTTTTAA,2,7
AAAACTA,2,7
ATTGTGT,2,7
TTACTAT,2,7
CTCTTAG,2,7
TGCCCCA,2,7
TATTTTC,2,7
TGTTTCA,2,7
TGACCTT,2,7
TTAACTA,2,7
CTTTCTA,2,7
TCACACC,2,7
CCAGGCT,2,7
GGAGTGC,2,7
AGATCAC,2,7
TGGGACT,2,7
CCACACC,2,7
CTCAAAC,2,7
AATCAGC,2,7
TTTAAGC,2,7
TTTTCAT,2,7
TCTCTGC,2,7
AATATGA,2,7
ATCTAAC,2,7
ATGGATG,2,7
TGCTTGT,2,7
ACCCACC,2,7
CTCTTTT,2,7
ATATGAA,2,7
CTTAGTT,2,7
TGTACTA,2,7
AGAAAAT,2,7
TTTAAAG,2,7
TTTGTGA,2,7
TCAGATG,2,7
GGTCCCA,2,7
ACTCTGA,2,7
TGTTAAC,2,7
ATGCTTA,2,7
TGATGAA,2,7
AATTAGT,2,7
AAACTGT,2,7
TTAAATG,2,7
TATCCTT,2,7
TAGCCAA,2,7
ATTAGTT,2,7
AGCAACT,2,7
CTCCATC,2,7
GTAGTGG,2,7
CAAATTT,2,7
TCACTCT,2,7
GTAACTG,2,7
GGACTAC,2,7
GTAGAGA,2,7
AGGATGG,2,7
ACAGGCG,2,7
ATCAACC,2,7
TTTGTAA,2,7
AAGTGCT,2,7
GTTTGAG,2,7
GAGAATT,2,7
ATTAGAA,2,7
GCTAGAA,2,7
TCTACTC,2,7
GGTTTAT,2,7
TACTCCC,2,7
CTGGGTG,2,7
GGGAGGC,2,7
CACTTGA,2,7
TTTTGGG,2,7
CAGAGTT,2,7
GGGATTA,2,7
TTTGTAT,2,7
TTTTAGT,2,7
TCCATGT,2,7
AAAGTGC,2,7
TTTTCTT,2,7
TCGGCTC,2,7
CTCCTGG,2,7
AGTGGTA,2,7
TGCCTCA,2,7
CCAGGCC,2,7
CACCACA,2,7
CTGTGAG,2,7
CACATTT,2,7
AGGTGAT,2,7
TTCCATA,2,7
ATGTTAA,2,7
ATAAAGC,2,7
ATATATT,2,7
GCCAAGG,2,7
GATAAGG,2,7
ATAGATG,2,7
AAATTGC,2,7
CAGATTA,2,7
AGAGTGT,2,7
TTTTACA,2,7
GAGGAGT,2,7
GTTTGGC,2,7
CAAGAAG,2,7
GTTTTAG,2,7
AACCTTT,2,7
AAATCCC,2,7
AAGGTTG,2,7
CAGGCAG,2,7
CCTTTTT,2,7
TTCTAAA,2,7
GTTAAAA,2,7
TTCTTTC,2,7
TTGTTCT,2,7
CAGAACT,2,7
TCAGTTT,2,7
CATTATT,2,7
CACCTCC,2,7
CTAATAG,2,7
CCTCTGC,2,7
CTCCCGG,2,7
GTATCCA,2,7
TTCTTTG,2,7
CTGAAAA,2,7
TTATACA,2,7
AAGGAAC,2,7
ATTTAAGT,2,8
TTAAGTTT,2,8
AATTTAAT,2,8
AAAAAAAC,2,8
AAACATAG,2,8
ATGTAATC,2,8
TAAAGGGC,2,8
TGGGAGGC,2,8
CCGGCTGC,2,8
TTGATTTT,2,8
TTAAAAAG,2,8
TTTTAGTG,2,8
ATGTTCAG,2,8
GGCCTCAA,2,8
GTTTAGAA,2,8
ACTTTGTC,2,8
CTCAACAA,2,8
TTGTTGAG,2,8
TGTCTGCT,2,8
TATATGCT,2,8
AGATTTAT,2,8
AAAAGACA,2,8
ACTGTTAA,2,8
GGTTTTTC,2,8
ATGTAATG,2,8
TAGTAAAA,2,8
TTATATAA,2,8
TACTATAT,2,8
TGAGACCC,2,8
ATCAATTT,2,8
AATTCCAG,2,8
AATAATTT,2,8
AAAATTTT,2,8
TCTCTGCT,2,8
CTATATTT,2,8
TTACATTA,2,8
CTTTATTT,2,8
AATTAATC,2,8
TTTCAAAA,2,8
TTTGTTTG,2,8
TGTCACCC,2,8
GTGCAGTG,2,8
TCAGCTCA,2,8
TCTGCCTC,2,8
CTGGTTTC,2,8
CCGAGTAG,2,8
CTGGGATT,2,8
TTTGTATT,2,8
TTTAGTAG,2,8
CCTGACCT,2,8
TGTGATCC,2,8
CGGCCTCC,2,8
TGGGATTA,2,8
CACCCGGC,2,8
CATTGGTT,2,8
GAATATTG,2,8
TTTTTGAG,2,8
GCAGTGGC,2,8
GCAAGCTC,2,8
AGCCTCCC,2,8
GCCCGGCT,2,8
AATTTTTT,2,8
TAGTAGAG,2,8
GCCTCCCA,2,8
AAGTGCTG,2,8
CCCGGCCA,2,8
ATTTTTTT,2,8
TTTTTCTT,2,8
CCTCCCGA,2,8
CACCTGCC,2,8
TCCAAAAG,2,8
TTACAGGC,2,8
ATGAGCCA,2,8
CTTAGATT,2,8
TTTTTTGT,2,8
ATGTATAG,2,8
GAAAACAG,2,8
ACACCAAA,2,8
GAGTTAAG,2,8
GATTAAAA,2,8
AGTTGAAA,2,8
GATATTTA,2,8
CAGATAAT,2,8
GCAAATTT,2,8
TGATATTT,2,8
GAAGACCT,2,8
TGGTGATT,2,8
AAGAAATT,2,8
GTTTTAAT,2,8
TGGTGGCA,2,8
GTGTTAGT,2,8
AAAATGGA,2,8
TTCAGTGT,2,8
ATTTGATG,2,8
TACTAAAA,2,8
GGTAATCA,2,8
CGCCTGTA,2,8
ATCCCAGC,2,8
GTGAAACC,2,8
AAATTAGC,2,8
CAGGCGTG,2,8
GCAGGAGA,2,8
ATGGTGTG,2,8
ACTGCACT,2,8
TTAAAATA,2,8
AATTTAAA,2,8
ATTGAAGA,2,8
TGGAGTAC,2,8
TTTATAAT,2,8
TTTTCAGT,2,8
TTTGTTTC,2,8
ATGGGGGA,2,8
TTTTATGC,2,8
AGTGAATA,2,8
AAGTGGAA,2,8
ACATATCC,2,8
CTTAGATA,2,8
CTCAGTGT,2,8
GCTCACGC,2,8
GGTAGGTT,2,8
CTGTCTCT,2,8
TACACACA,2,8
AACAGTTT,2,8
ATGTGCTT,2,8
GATGGCAG,2,8
TTACCATG,2,8
CCTTTTAT,2,8
ATTATTTC,2,8
AAGTATAT,2,8
AAGTTTAA,2,8
GATGTGTT,2,8
TATATACA,2,8
AAGTTTGG,2,8
AAAATAAT,2,8
CTGTTAGG,2,8
GTCTCAGC,2,8
CTGAACTG,2,8
TTCATCTT,2,8
CCTCTAGA,2,8
TTGTGTAT,2,8
TGAATCTG,2,8
TTGGATAA,2,8
TCAAGATC,2,8
TGGAAGGA,2,8
TTAAAGGA,2,8
AAGAAGAA,2,8
CATATAAA,2,8
TATGATGT,2,8
AATGTAAG,2,8
GAAGAAGA,2,8
AACTCCTG,2,8
ATAATTCT,2,8
AACTGTAT,2,8
ATAAAAAT,2,8
TATTTTTG,2,8
TTTATTTA,2,8
CTGAATTC,2,8
GTTAATTG,2,8
ATTCATTT,2,8
TAACTTTT,2,8
TCAAAAGT,2,8
AAAGATGC,2,8
AATGCTAC,2,8
TGAATAAA,2,8
CTTTTTTA,2,8
ATTTAATA,2,8
TCCAGTGG,2,8
TGTTGAAA,2,8
TCACAAAA,2,8
TAAAACTT,2,8
AAATAGAA,2,8
TAAAAAAT,2,8
TTTATCCT,2,8
AAATAAAA,2,8
TCACACCT,2,8
GACCAGCC,2,8
ACCCCGTC,2,8
TCTACTAA,2,8
CACCTGTA,2,8
TACTTGGG,2,8
ATTGCTTG,2,8
AACAGCCT,2,8
CCCTGTCT,2,8
AATACAAA,2,8
TTCCAGCT,2,8
ACTCAGGA,2,8
TGTGCCAC,2,8
TGTACTCT,2,8
TGTCTCAA,2,8
GGAAATAA,2,8
TATTATTA,2,8
AGAAAGGT,2,8
TAATTATA,2,8
AATTTCAA,2,8
GAGTCCTA,2,8
AGAAATTA,2,8
TTTTAATC,2,8
AATCTTTG,2,8
GGAAAAAA,2,8
TGATTTTA,2,8
GATTATTT,2,8
GTAATCAG,2,8
AAAGAATG,2,8
ATTAGCCA,2,8
TTGTAGCA,2,8
CTTTGGGT,2,8
TTTTTTAC,2,8
TTATATAT,2,8
TTATGTAT,2,8
CTATGACA,2,8
TGAAAGAA,2,8
AATTCATT,2,8
AAAGGATA,2,8
AAAAGTTG,2,8
ATTGTCAT,2,8
ATGGTATT,2,8
ATGGTACA,2,8
AAACAAAT,2,8
CAGCATCT,2,8
GACTGGAG,2,8
ATAAGAAA,2,8
ATACATAA,2,8
TCACGCCT,2,8
GTAATCCC,2,8
ATGGTGAA,2,8
AGGCAGGA,2,8
CTCCAGCC,2,8
TGGGTGAC,2,8
GCACTTTG,2,8
AGATTGCT,2,8
TGAGCCCA,2,8
CTGGGCAA,2,8
GCCAGGCA,2,8
AATCACTT,2,8
GAGGTGGA,2,8
TGAGCCAA,2,8
GGGTGACA,2,8
CTCTGTCT,2,8
GATTTTAA,2,8
TTGTAACA,2,8
TACTTTTT,2,8
CTCGGCTC,2,8
TCTCCTGC,2,8
GCTGGGAC,2,8
GCTAATTT,2,8
TCAATCTC,2,8
TTGACCTC,2,8
AAAGTGCT,2,8
GGGATTAC,2,8
AGGCGTGA,2,8
GCCACCAC,2,8
CAAAGTGC,2,8
ATTTAAAT,2,8
GTTTTAGA,2,8
TACCAGAA,2,8
GTAAGTGA,2,8
AAAGACAG,2,8
ATTTTTAT,2,8
AAAATGGG,2,8
CCAAAGAA,2,8
AATGCTCA,2,8
ATGAAAAT,2,8
CAGATTGC,2,8
AGGAGTTC,2,8
TCTCTACA,2,8
AGGATCAC,2,8
TTGAGCCC,2,8
GCCACTGC,2,8
ATGTCCAT,2,8
AAAGATAT,2,8
CTTGAAAA,2,8
AGTTGGGT,2,8
AAAGTATT,2,8
TATGTTTG,2,8
AATTATAT,2,8
TTTAAAAA,2,8
ATTTGAGG,2,8
AATTCTTG,2,8
ATAATTAT,2,8
CATTTTTA,2,8
CAGAAACA,2,8
GTTTTTCT,2,8
GTTTCTTT,2,8
TGTAAAAC,2,8
CTTTATTA,2,8
TTTAAACA,2,8
ATATATTT,2,8
ATTATCTA,2,8
GTAAAATT,2,8
ACTTTGAA,2,8
GCACCGTG,2,8
CTAATATT,2,8
ACAAAAAT,2,8
TTATTTTT,2,8
TCTAAATT,2,8
CTGTTTTT,2,8
AAAAGTTT,2,8
TTAACATG,2,8
CTTAAAAG,2,8
TGTGCTGT,2,8
AAGACCAG,2,8
CAAAATTA,2,8
AGGCAGAA,2,8
GGCATGGT,2,8
CCTGTAAT,2,8
CCCAGCAC,2,8
GAAACCCC,2,8
ATCTCTAC,2,8
TGAGCCGA,2,8
TCCAGCCT,2,8
ATTTTATT,2,8
CTTCTATG,2,8
CATACACA,2,8
GTAAATTC,2,8
GAAATGAT,2,8
AACTCAAC,2,8
CATCAGTC,2,8
TACAGTGA,2,8
TCATTGTG,2,8
GGAACAGA,2,8
AGAAGAAA,2,8
CTCATTTC,2,8
CACTTTCC,2,8
CCTTGTCT,2,8
AATAAATA,2,8
CCAGTACT,2,8
ATGCTCAG,2,8
TCTTGGGC,2,8
TGGAGACA,2,8
CTCAGGAG,2,8
GCACACCT,2,8
TTATAATA,2,8
ACTCATGT,2,8
TGGTAGTA,2,8
TGTCACAT,2,8
CTGTAACA,2,8
GTACCAGC,2,8
TAATCTTT,2,8
TTAGCTTT,2,8
AAATTAAT,2,8
AGATAAAT,2,8
AATAGTCT,2,8
CTACATTT,2,8
TGTTAAAT,2,8
TCTCTCTC,2,8
TCTACTGT,2,8
TTTGTTGT,2,8
GGAGTGCA,2,8
TCCCAGGT,2,8
TTACAGGT,2,8
AGTCTCAC,2,8
CACTGCAA,2,8
TTCTCCTG,2,8
CCTCAGCT,2,8
TCCCAAGT,2,8
CCCAAAGT,2,8
TCTGGAAT,2,8
CAGGAGGC,2,8
CCTGGGCT,2,8
CACATAAA,2,8
TGAATTGA,2,8
TTGCATTT,2,8
GTTTACTT,2,8
TTTTAGAT,2,8
GCTCAGGG,2,8
ATGATATT,2,8
GTTATAAT,2,8
ACAGCTGT,2,8
TTGGCCAG,2,8
CTTAAGGT,2,8
AGATCAGG,2,8
TGGTGAAA,2,8
AAAACAAA,2,8
TCTTTTTT,2,8
TTAGCACC,2,8
CAGCTACT,2,8
TTAAAAAA,2,8
TATTTTAA,2,8
GTTTTTAA,2,8
CAGTCTTT,2,8
ATTAAAAA,2,8
TGTTTATT,2,8
TTACCCTA,2,8
TGATTCCT,2,8
CTAGGAGT,2,8
GAGACCCT,2,8
TTTTAATT,2,8
TATTTTAG,2,8
TGAAGGTT,2,8
GCATTAAA,2,8
AGATTTAG,2,8
TTCTTTTT,2,8
TTTGCTAT,2,8
TTGGTTAT,2,8
TTTTTTGA,2,8
TAATTTTT,2,8
GACGGGGT,2,8
GGATGGTC,2,8
CTGACCTC,2,8
GGCCTCCC,2,8
TGTTGATT,2,8
TTGAGAGT,2,8
TTTTGGGG,2,8
AGTATGTC,2,8
AATTTTTG,2,8
CTTTAATT,2,8
GTTAATTT,2,8
CTAGTTTT,2,8
TTGGTTGT,2,8
TCTCTATT,2,8
TTTTTGTA,2,8
TGCAGTAT,2,8
ATATGATG,2,8
TGATAATT,2,8
TGTGTGTG,2,8
TATTTGAA,2,8
TTTTGTAA,2,8
AGAGATGG,2,8
GGATAACA,2,8
ATATTTGG,2,8
TTTGTTTT,2,8
TGTTTTTT,2,8
TTTCACTC,2,8
GTGCGGTG,2,8
CTCCTGCC,2,8
TGCCCAGG,2,8
CTGGTCTT,2,8
AATAATCA,2,8
CAACTGTA,2,8
CCTTTTAA,2,8
TTTTTCAT,2,8
CACTAATA,2,8
AAGGAAAC,2,8
TACTAATG,2,8
CATTTGCA,2,8
AAAATTAA,2,8
TTCTCTTT,2,8
CTTATTTT,2,8
ATCTCTTA,2,8
TCAAAGCA,2,8
TTGTGTTT,2,8
TTATAAAG,2,8
TGAGGAAA,2,8
CATCTTTT,2,8
TATTATCT,2,8
AAGTAGAA,2,8
TGTGGTAG,2,8
TCCTTAAT,2,8
TTTAAATA,2,8
TGCTGAAA,2,8
TCATTTTC,2,8
TTTTATTT,2,8
CTCATTTT,2,8
CAGGCAAA,2,8
CCATTTCT,2,8
ATTTTTTA,2,8
TGTTCTTG,2,8
TCATGTTT,2,8
CTGTTATA,2,8
ATATTTTT,2,8
GTATCAAT,2,8
ATTTCTTA,2,8
TTAATAAT,2,8
ATTATTAT,2,8
AATATATT,2,8
AAAAATTT,2,8
TGTAGAGC,2,8
ATTAATGT,2,8
ATTTAACA,2,8
AGTGGAAG,2,8
ATGTTGGT,2,8
CACTTGAG,2,8
CCAGCTAC,2,8
TCAGGAGG,2,8
GTGCCACT,2,8
GCACTCCA,2,8
TTTATATG,2,8
AATGGATG,2,8
CCCAGTTA,2,8
TTTTGAAT,2,8
TGTAGTAA,2,8
TATGAAAA,2,8
AGAAAAAT,2,8
CCTGTAGT,2,8
AGCCTGGG,2,8
TTTCATAA,2,8
AGTGGTGT,2,8
AGTTTTCT,2,8
ATGATTTA,2,8
AATGTTAA,2,8
AACATTTA,2,8
TGAATTTT,2,8
CCTTTTTT,2,8
ATCACACC,2,8
CACCACAC,2,8
CCAGCTAA,2,8
TACTGTTT,2,8
TAAAACTA,2,8
TCTTAGTT,2,8
TGTTTTTA,2,8
TAGTTTAT,2,8
TTGTTTTT,2,8
AAAAATAT,2,8
CCAAAATC,2,8
ATAGAAAA,2,8
ACAGAAGT,2,8
ACTGTGAA,2,8
CTATTTAA,2,8
GGTGGCTC,2,8
ATGCCTGT,2,8
AATCCCAG,2,8
CACTTTGG,2,8
GAAGCCAA,2,8
GGCAGGTG,2,8
TAAAATAA,2,8
GCATTTCC,2,8
TCATTTCT,2,8
AGCCTTTT,2,8
TGCAGAGG,2,8
TCTGTTTT,2,8
AGGTTTTT,2,8
TTTTAGTA,2,8
CAGGATGG,2,8
TCGTGATC,2,8
CCAAGGTG,2,8
ACAGGCGT,2,8
TAAATGGT,2,8
ATTTCAGA,2,8
ACTACTCA,2,8
TCCCATCT,2,8
TTAGAAAC,2,8
TTAAATTA,2,8
GAAAAATA,2,8
AGTAATTA,2,8
GCTAGAAA,2,8
TTACCTGC,2,8
AACATGAT,2,8
TTCCTCAG,2,8
CAAAATAT,2,8
GAGTAATG,2,8
GTTTCTTA,2,8
GTGTTTTA,2,8
TATGACAT,2,8
CCTCCTGG,2,8
GTTCAAGC,2,8
GATTACAG,2,8
TCATTTTT,2,8
CAGCTAAT,2,8
CACACCTG,2,8
TATTACAG,2,8
AATAAAAT,2,8
TAGATGAG,2,8
ATTTATCC,2,8
GTGTTAAA,2,8
AAAGAAAA,2,8
ACAAATTT,2,8
ATGTATTT,2,8
ACAAGAAA,2,8
CAGTTTGT,2,8
AAAGATCA,2,8
CTAATAGA,2,8
CTTTAAAA,2,8
CTCCCGAG,2,8
TTTCTCCT,2,8
GCCTCAGC,2,8
TTCTAAAC,2,8
ATTACATC,2,8
TAATCCCTT,2,9
CTTTAGAGT,2,9
TGGGAGGCT,2,9
GGGATGCTG,2,9
AATTAGAAG,2,9
TTATGGGTT,2,9
TGGCCTCAA,2,9
TATGCTTGT,2,9
GTTATTGTG,2,9
ATGTGTATT,2,9
TATAAAAAT,2,9
GCTACTTGG,2,9
CTTGGAGGT,2,9
ATAATTTTT,2,9
TTTTAAAAC,2,9
CAAAGACAA,2,9
TCTGTCACC,2,9
AGCTCACTG,2,9
CAACCTCTG,2,9
CCGAGTAGC,2,9
GCTGGTCTC,2,9
CTCGGCCTC,2,9
CCACTGCAC,2,9
GTTTTTTTT,2,9
TTCAAAGCT,2,9
TTTAGTAGA,2,9
CGCCCGCCT,2,9
AAAGTGCTG,2,9
GGATTACAG,2,9
GTTGCAGCC,2,9
TTTTTGTAT,2,9
AAATGTAAA,2,9
ACTTAAAGT,2,9
TTGGCTAGA,2,9
AGCCAAGAT,2,9
TAAGGTTAG,2,9
GTGATTTTG,2,9
CACTTTGGG,2,9
AGGCCGAGG,2,9
ACAAAAAAA,2,9
ATTAGCCAG,2,9
GAATGAATC,2,9
TTTCCTCCC,2,9
TGCTTTTGT,2,9
AATCACTTG,2,9
GCATGGTGG,2,9
GAGGCCAAG,2,9
ATGTGCTTT,2,9
ATTCAAAGT,2,9
GTTTTTTAT,2,9
ACAGGCATG,2,9
AATTTGTGT,2,9
ATGAAATGT,2,9
CTTGAACCC,2,9
TGAAATGTA,2,9
AGCATGTGT,2,9
TTTGAACCT,2,9
TCCTGCTTT,2,9
GATTAGTTT,2,9
AAAATTATT,2,9
AAGAAATGT,2,9
ATATTATGA,2,9
TATTTGCTA,2,9
TGTTGAAAA,2,9
ACAAAAATA,2,9
TATTAAAAA,2,9
ATGGATTTT,2,9
ATTCTTGAA,2,9
TAAAATATC,2,9
AATCCCAGC,2,9
ACTTTGGGA,2,9
GACCAGCCT,2,9
GGTGAAACC,2,9
CTAAAAATA,2,9
CAAAAATTA,2,9
CTTGGGAGG,2,9
CTGAGACAG,2,9
AAGAAAGGA,2,9
GTCTCAAAA,2,9
CTAGAAAAA,2,9
TTATAAAAA,2,9
TTTCATGAA,2,9
AAAATCTTT,2,9
TTTTACTGA,2,9
TGAGACTCT,2,9
TTAATCTTC,2,9
TAGAAAAAA,2,9
AGTTTTTTT,2,9
TAATGCTGT,2,9
TAAGAAAAA,2,9
CGCCTGTAA,2,9
TCCCAGCAC,2,9
AAAAAATTA,2,9
AGCCGAGAT,2,9
TTTTGTAGT,2,9
AGGAATTTG,2,9
CCTGCCTCA,2,9
CTAATTTTT,2,9
GTATTTTTA,2,9
CATGTTGGC,2,9
TTAAATGAA,2,9
CTTAATTGT,2,9
GACCTTTAT,2,9
ATTTAAAAA,2,9
TCCAAAGAA,2,9
AAAAAAAGC,2,9
GATCAGCCT,2,9
CTGTCTCTA,2,9
GGAGGATCA,2,9
AGGAGATTG,2,9
AGGCTGCTG,2,9
CTGCACTTC,2,9
AAACTTGTA,2,9
TGTCTTTTT,2,9
GTGATTATT,2,9
TTACATATT,2,9
ATTATCTAT,2,9
AAATTTATA,2,9
TTTGAGACA,2,9
TTTTGTTTT,2,9
CACTAATAT,2,9
AAGAAGCTT,2,9
TAATTATAA,2,9
ATTTTTATG,2,9
ATATTCATT,2,9
TTAATATAT,2,9
GATTGTGCT,2,9
CTACCACAC,2,9
ACATCTGTA,2,9
GCTGAGGCA,2,9
TTTTAAAAA,2,9
CTTTGGGAG,2,9
GCCGAGATC,2,9
GTGCCACTG,2,9
CACTCCAGC,2,9
CTGGGTGAC,2,9
AAGTAAATT,2,9
CAGGCACAG,2,9
TACTGCATC,2,9
TTTTCTCTT,2,9
CAGTACTTT,2,9
AATTAAAAT,2,9
ACCTCCTGG,2,9
GATAAATAA,2,9
GGAGTGCAG,2,9
TGGCATAAT,2,9
TCTCACTCT,2,9
GCTGGAGTG,2,9
CATCCTAGC,2,9
TCACTGCAA,2,9
TCCTGCCTC,2,9
GATTACAGG,2,9
AGTAGAGAT,2,9
TACTGTTTT,2,9
CAGGAGGCT,2,9
CAGTTCTTA,2,9
AAAATGTGT,2,9
TTTCTTAGA,2,9
TTTAAAAAA,2,9
TGGGCCACA,2,9
TCCTCTGAA,2,9
TTGATTCTA,2,9
AAAGAAATT,2,9
GAAGCAGAG,2,9
CTGTAATCC,2,9
ACCAGCCTG,2,9
GCCAACATG,2,9
GTGAAACCC,2,9
TTAGGAAAA,2,9
TTTTTTTAA,2,9
AAATACATA,2,9
AAGAAAATT,2,9
CTTTTTTAT,2,9
CACACCCGG,2,9
TAGTAGAGA,2,9
CTTTAGTTT,2,9
ATTTGATTT,2,9
AGATTGCCT,2,9
TTTTTCTAA,2,9
GCTGAAATT,2,9
GAAGAGATG,2,9
TGTTTTGTT,2,9
GTGCGGTGG,2,9
TTCTCCTGC,2,9
TCAAGTGAT,2,9
TAAAACAAA,2,9
AAGGAAACA,2,9
ACAGAAACT,2,9
AATTGTTTT,2,9
TTGTTTTAA,2,9
ATATATAAA,2,9
GTCAGTCAG,2,9
ATGATTTTT,2,9
CTCTGCTAT,2,9
TTCTCAACT,2,9
AATAGTTTT,2,9
ATTTTAAAA,2,9
TTTTATTTA,2,9
ATAGCTATA,2,9
GAAATAGAA,2,9
ATTTTTGGA,2,9
TGTAAATAT,2,9
AAAAATATA,2,9
ATGAGGAAA,2,9
CCAGCACTT,2,9
CCAGCCTGG,2,9
TGGGTGTGG,2,9
CCAGCTACT,2,9
GAGGCACGA,2,9
TGTCCTTTT,2,9
TTCATAAAT,2,9
AAAATGGAT,2,9
AACATGTAT,2,9
TTTCTTACC,2,9
TTCTTTTCC,2,9
TTTCTTTTT,2,9
ACACCCAGC,2,9
GTATTCACT,2,9
TTTTCTGTT,2,9
TTACTTATT,2,9
ATGCAAATA,2,9
TTATTAAAT,2,9
GCCTGTAAT,2,9
TTGGGAAGC,2,9
CAAGGCAGG,2,9
AAAATACAA,2,9
TTACAGGCG,2,9
ATTTAATTT,2,9
CTACTCAGG,2,9
TCTCAAAAA,2,9
GATCTCAAA,2,9
AGGCTGGAG,2,9
GCTCACTGC,2,9
TCAAGCAAT,2,9
TCTCCTGCC,2,9
TCAGCCTCC,2,9
GGGATTACA,2,9
TGGAGTCTC,2,9
CCTCAGCCT,2,9
CCAGCTAAT,2,9
AAGAAAAAA,2,9
CCAGCCTAG,2,9
TGTTAAAAA,2,9
CTGCCTCAG,2,9
TATTTTATT,2,9
AGTATGAAG,2,9
AGGAACATT,2,9
CACTGCAGCC,2,10
GGAGTCTCGC,2,10
CTAATTTTTT,2,10
TATTGGCCAG,2,10
GCCCGCCTCG,2,10
GTGCTGGGAT,2,10
TTTTTGAGAC,2,10
GCAGTGGCGC,2,10
ATTTTTTGTG,2,10
GAGACGGGGT,2,10
CCTGCCTCGG,2,10
ACAGGCATGA,2,10
TTTGTTTCTT,2,10
CCTGTAATCC,2,10
CAGCACTTTG,2,10
TGAACCCAGG,2,10
TGCAGTGAGC,2,10
AATCCCAGCA,2,10
CCAAGGCAGG,2,10
TTTAGTCCCC,2,10
TTACCATGAT,2,10
TATATATATA,2,10
GTCTCAGCTT,2,10
ATGAAATGTC,2,10
AATTCTGAAA,2,10
ATCAGAAACA,2,10
AAATAAAAGG,2,10
GTGCAGTGGC,2,10
CTCCAGCCTG,2,10
CAGGAATTCA,2,10
GGGCAACATG,2,10
AAAATACAAA,2,10
ACCCTGTCTC,2,10
AGAAATGACT,2,10
TAAAATATTT,2,10
AAATTAGAAA,2,10
TTTATTTTTA,2,10
CCAGCACTTT,2,10
GGTGTGGTGG,2,10
AGGTTGAGGC,2,10
AGTCTCGCTC,2,10
TTCAAGTGAT,2,10
TCTCCTGCCT,2,10
AGTAGCTGGG,2,10
ATTTTTTTTT,2,10
TCCCAGCACT,2,10
CCTGTCTCTA,2,10
ACTTCAGCCT,2,10
CAAAAAAAAA,2,10
AAATATTTGA,2,10
AGTTTTACTG,2,10
AAGCTAGAAA,2,10
TTTGGGAGGC,2,10
CCCAGCTACT,2,10
CAGGAGGCTG,2,10
TGGTGAAACC,2,10
GGTGGAGGTT,2,10
TGCATCAGTC,2,10
TGCAGTATGT,2,10
GTTTTTTGTT,2,10
CCCAGGCTGG,2,10
CTCCTGCCTC,2,10
CCCAAAGTGC,2,10
AATTGATTCT,2,10
TACAAAAATT,2,10
CCAGCTACTC,2,10
AGGAGGCTGA,2,10
TGAGCCGAGA,2,10
CAGCTACTGG,2,10
TTTCACTCTG,2,10
CACTTTGGGA,2,10
TTAAAAATAA,2,10
GCCTCAGCCT,2,10
GGGTTTCACC,2,10
ATAGTTTTTT,2,10
TGATAATTTG,2,10
TTTTTTGTAA,2,10
CCTCAAGTGA,2,10
GTGTTTGCTC,2,10
TAAATAAATA,2,10
ACAAATACTG,2,10
ACAAAAATTA,2,10
TAATCCCAGC,2,10
ACTTTGGGAG,2,10
TGAGGCCAGG,2,10
CCTTTTGAAT,2,10
GCTGAGGTAG,2,10
AGGCAGAGGT,2,10
TTTCTTACCC,2,10
TTGAAATTTT,2,10
TTTTTAGTGA,2,10
AAAATAACTC,2,10
CTCACTGCAA,2,10
TGCCTCAGCC,2,10
GTATTTTTAG,2,10
ACAGGCGTGA,2,10
ATTTAATTTT,2,10
GGAGGCTGAG,2,10
ATTTTTAGTA,2,10
TAGCTTATAA,2,10
ATTACAGGCG,2,10
TTTTTAGTAG,2,10
TCACCATGTT,2,10
GCTGGGATTA,2,10
TCTAAATTTA,2,10
TTTGAGATGGA,2,11
GGAGTGCAGTG,2,11
CTCAGCCTCCC,2,11
GAGTAGCTGGG,2,11
ATTACAGGCAT,2,11
TTTTTGTATTT,2,11
TGGAGTGCAGT,2,11
GCCCGGCTAAT,2,11
TTTAGTAGAGA,2,11
TCGTGATCCGC,2,11
GCGTGAGCCAC,2,11
TCTGTCACCCA,2,11
GTTGTGCCTTT,2,11
GTAATCCCAGC,2,11
GGATCACGAGG,2,11
TCTACTAAAAA,2,11
CTGCACTCCAG,2,11
TCACGCCTGTA,2,11
ATCCCAGCACT,2,11
AGACCAGCCTG,2,11
CACACACACAC,2,11
TTTCTCTCTCT,2,11
AGCTACTTGGG,2,11
AGGCTGAGACA,2,11
CCCTGTCTCAA,2,11
TGAGGAGAGTG,2,11
AAGACAGAAGT,2,11
CCAGCACTTTG,2,11
AGGCATGGTGG,2,11
TTTTTTTGAGA,2,11
GGAGGATCACT,2,11
AAAAAAAAAAG,2,11
TTTGCTGTTTT,2,11
CAAAAATTAAA,2,11
GTGGCTCATGC,2,11
CTCAGGAGGCT,2,11
TCTCAGCTCAC,2,11
AGTCTCACTCT,2,11
GTTGCCCAGGC,2,11
AGCTCACTGCA,2,11
CAATTCTCCTG,2,11
CCTCAGCTTCC,2,11
TTTTGTATTTT,2,11
CTCCTGACCTC,2,11
GGACACAGATT,2,11
CTGTAATCCCA,2,11
TGGTGAAACCC,2,11
AAAATACAAAA,2,11
TATTTCACTCT,2,11
GGGAGGCTGAG,2,11
TTGAGATGGAG,2,11
GAGTGCAGTGG,2,11
TCAGCCTCCCG,2,11
TCTTTTTATTT,2,11
CCAGGTTCAAG,2,11
CCTCAGCCTCC,2,11
TTGTCATTTAA,2,11
CATTGTGTTGG,2,11
CACACCTGTAA,2,11
AACCCTGTCTC,2,11
TAATCCCAGCT,2,11
TGAGGCACGAG,2,11
TTTGTTTTTTT,2,11
TTCTCCTGCCT,2,11
ATTTTTAGTAG,2,11
GCCTCCCAAAG,2,11
TGCTGGGATTA,2,11
CAGGCGTGAGC,2,11
TAAAAATTTAA,2,11
CAGCCTCCCAA,2,11
GATCTCAGCTCA,2,12
CTGCAACCTCTG,2,12
CCGAGTAGCTGG,2,12
TTTGTATTTTTA,2,12
TGGGATTACAGG,2,12
GGATTACAGGCG,2,12
TAATTTTTGTAT,2,12
TTACAGGCATGA,2,12
GTCCCAGCTACT,2,12
CACTCCAGCCTG,2,12
ACGCCTGTAATC,2,12
TATATATATATG,2,12
GCCTGGGCAACA,2,12
ACTCAGGAGGCT,2,12
TGATTTTATTTT,2,12
TCACGCCTGTAA,2,12
TCCCAGCACTTT,2,12
AGGCAGGAGAAT,2,12
CTCCAGCCTGGG,2,12
ATTAGCCAGGCA,2,12
AATCACTTGAAC,2,12
AAAAAAAAGAAA,2,12
TTTTTTTTTGAG,2,12
CTGCACTTCAGC,2,12
CAAAAAAAAAAA,2,12
ACAAAAATTAAA,2,12
GGCATGGTGGCT,2,12
GTGCCACTGCAC,2,12
TTCTCCTGCCTC,2,12
CCAGCACTTTGG,2,12
GAGACCCTGTCT,2,12
TAAATAAATAAA,2,12
AAGCAATTCTCC,2,12
GGCATGAGCCAC,2,12
CCTGTAATCCCA,2,12
TGCCCAGGCTGG,2,12
GCTCATGCCTGT,2,12
TTGGGAAGCCAA,2,12
GGCAGGTGGATC,2,12
TGGGAGGCTGAG,2,12
AGCCTGGGTGAC,2,12
AATTCTCCTGCC,2,12
GTAGCTGGGATT,2,12
AAAGTGCTGGGA,2,12
CAGCCTCCCGAGT,2,13
GGTTTCACCATGT,2,13
CACCCAGGCTGGA,2,13
TGGGCAACATGGC,2,13
AAAACCCTGTCTC,2,13
CACACACACACAC,2,13
ACACACACACACA,2,13
TACTAAAAATACA,2,13
CTCCATCTCAAAA,2,13
CTGTAATCCCAGC,2,13
ATCCCAGCTACTT,2,13
TCTCCTGCCTCAG,2,13
TGCTGGGATTACA,2,13
CTCTACAAAAAAT,2,13
GAGGATCACTTGA,2,13
ACTTTGGGAGGCT,2,13
TTCTCCTGCCTCA,2,13
ACCCAGCTAATTT,2,13
TTGTATTTTTAGT,2,13
TCAAGACCAGCCT,2,13
TCCCAGCACTTTG,2,13
TTTTTTTTTTTTG,2,13
ACACCTGTAATCC,2,13
ACCAGCCTGGCCA,2,13
AATCCCAGCTACT,2,13
GGGAGGCTGAGGC,2,13
GCCTGGGTGACAG,2,13
CTCCTGCCTCAGC,2,13
ACAGGCGTGAGCC,2,13
TTTGAGATGGAGTC,2,14
CTCACTGCAACCTC,2,14
TTTTTTTTTTTTTG,2,14
TCTTTTTTTTTTTT,2,14
GGAGGCCGAGGCAG,2,14
CCAGCCTGGGTGAC,2,14
AAATACAAAAATTA,2,14
ATCTCAAAAAAAAA,2,14
GCCTGTAATCCCAG,2,14
CAGGAGGCTGAGGC,2,14
GTAATCCCAGCACT,2,14
ACTTCAGCCTGGGC,2,14
CCTGTAATCCCAGC,2,14
ACTTTGGGAGGCCG,2,14
CTCCCAAAGTGCTG,2,14
TTTTTTTTTTTTTT,2,14
AGGTTCAAGCAATT,2,14
CTCCTGCCTCAGCC,2,14
CTAATTTTTGTATT,2,14
TGCACTCCAGCCTG,2,14
CTCCATCTCAAAAA,2,14
ATTTTTAGTAGAGA,2,14
ACAGGCGTGAGCCA,2,14
AAAGTGCTGGGATT,2,14
CCTGCCTCAGCCTC,2,14
TGTATTTTTAGTAGA,2,15
TTTTTTCTTTTTTTT,2,15
GCCTCCCGAGTAGCT,2,15
GCTGAGGCAGGAGAA,2,15
AGGCGGAGGCTGCAG,2,15
ACACACACACACACA,2,15
CACCACTGCACTCCA,2,15
AAAAAAAAAAAAAAA,2,15
ACATGGCAAAACCCT,2,15
CAAAAAAAAAAAAAG,2,15
CACTCCAGCCTGGGT,2,15
CCAGCACTTTGGGAG,2,15
TTTTTTTTTTTTGAG,2,15
TTGAGATGGAGTCTC,2,15
CTCCTGCCTCAGCCT,2,15
CTGGGATTACAGGCG,2,15
TTTTTTTTTTTTTTT,2,15
CTGCAACCTCTGCCTC,2,16
TTTGTATTTTTAGTAG,2,16
TGTATTTTTAGTAGAG,2,16
GCCTCCCAAAGTGCTG,2,16
AGGCTGAGGCAGGAGA,2,16
TCACGCCTGTAATCCC,2,16
CCAGCACTTTGGGAGG,2,16
TTAGTAGAGACGGGGT,2,16
CTCCTGCCTCAGCCTC,2,16
CAGCCTCCCGAGTAGCT,2,17
GTGAAACCCCGTCTCTA,2,17
CAGCCTGGGTGACAGAG,2,17
ACACACACACACACACA,2,17
ACTCCATCTCAAAAAAA,2,17
CCCAGGCTGGAGTGCAG,2,17
CACACACACACACACACA,2,18
CAAAAAAAAAAAAAAAAA,2,18
CTGCACTTCAGCCTGGGC,2,18
TTCTCCTGCCTCAGCCTC,2,18
TTGGGAAGCCAAGGCAGG,2,18
TCAAGCAATTCTCCTGCC,2,18
GCCTCAGCCTCCCGAGTAG,2,19
CACACACACACACACACAC,2,19
GTGCTGGGATTACAGGCGT,2,19
TTTTTTTTTTTTTTTTTTT,2,19
TGCAGTGGCGCGATCTTGG,2,19
CCGAGTAGCTGGGATTACAG,2,20
CACACACACACACACACACA,2,20
TTTGAGATGGAGTCTCGCTCT,2,21
GCGGATCACGAGGTCAGGAGA,2,21
TCGAGACCATCCTGGCTAACA,2,21
CTAATTTTTGTATTTTTAGTA,2,21
TTTTTTTTTTTGAGATGGAGT,2,21
GCCTCAGCCTCCCGAGTAGCT,2,21
GTTCAAGTGATTCTCCTGCCT,2,21
GAGTAGCTGGGATTACAGGCAT,2,22
TCACGCCTGTAATCCCAGCACT,2,22
CACACACACACACACACACACA,2,22
CTACTAAAAATACAAAAATTAGC,2,23
CCTGTAATCCCAGCACTTTGGGA,2,23
AGTGCTGGGATTACAGGCATGAG,2,23
TCACGCCTGTAATCCCAGCACTTT,2,24
AAGCAATTCTCCTGCCTCAGCCTC,2,24
CACACACACACACACACACACACACA,2,26
ACCCAGCTAATTTTTGTATTTTTAGT,2,26
CCTGTAATCCCAGCACTTTGGGAGGCCG,2,28
